machine_id,temperature,vibration,pressure,rotational_speed,torque,operating_hours,voltage,current,humidity,maintenance_count,machine_age,failure_history,tool_wear,load_percentage,failure
MACH_0103,99.83192438068382,3.293643153363055,98.9715583686393,1497.9595748332017,33.894809414850286,948.8072602302218,217.55804134591483,16.83941058645433,37.562322157387335,3,9.756654714568374,0,6.917419050541717,43.90554568767974,0
MACH_0180,68.05611866904528,0.7216419034722055,99.73205653364336,1718.6037837406532,41.08603103934132,1022.7393685350607,222.10058999125985,17.115737055349477,27.039391245841102,0,2.993058022359205,0,33.120830232852164,49.64968197252158,0
MACH_0093,76.29848721783831,2.5066516731034834,106.6846812952911,1626.3674887359216,27.80235640009755,533.0532065892485,220.4035331319337,16.304243742911073,47.52830395694507,2,8.250474599328832,0,28.249872662096454,99.9521387732799,0
MACH_0015,66.10675901309467,1.7043999050156413,94.83103137110217,1445.5926465630105,29.171521150924853,5271.034331038474,216.8440511527831,15.264675654706728,63.16988953527432,0,1.5244777140451702,0,55.51597297901548,48.76080503637181,1
MACH_0107,64.79993498823086,2.1291522844056243,103.73396191913555,1737.4180881183138,37.91236133632594,3892.0317008722636,221.41394348241838,12.508958820997329,80.25592558408465,1,9.290464630250941,1,73.04162650197355,53.01612632049175,0
MACH_0072,71.0489123269909,4.552048570885965,105.07015764487191,1541.202161098928,29.697796437614098,4977.487974311737,218.5464462832339,13.540118108195905,44.23378206762294,6,8.869753033000105,0,53.28764346967474,76.15296895888011,0
MACH_0189,70.79017686988769,1.2953873003513157,101.98289377371866,1553.6436388985842,30.349829525737587,4737.5513955246515,223.48532637007193,12.786761178637448,65.7650725787123,1,6.1398384619106325,0,93.10259929750676,50.57729634872088,0
MACH_0021,65.94036120753378,3.6841158764340785,97.40394177550526,1374.4021381002913,29.757852725096484,3216.8066207074994,218.80416809965482,16.14564201105253,44.51390767162533,2,1.080987915549302,0,95.14426388873319,45.106297574178534,0
MACH_0103,66.76120638953547,1.3706094975544747,101.8064546427544,1425.375201239229,33.22710632693337,6129.513391928909,213.5511720911747,12.873375042276592,63.20537080961207,1,3.320297866210038,0,36.14653284985154,41.104603065471906,0
MACH_0122,91.45194381662105,1.0918917188211872,107.51740273393577,1396.7244738109237,45.84997205336325,6850.666740155877,221.33493492763824,13.571507777892815,81.93655629214555,1,4.661403826586184,0,77.76803762748928,51.88778655194545,0
MACH_0075,106.69668235437304,7.9628276763852,108.39184867716313,1512.9109297490513,47.64566364896866,230.19150401131387,221.14701623915718,14.633025514002986,36.19503495815863,4,5.140577050728056,0,73.88013832681897,37.414098274014144,0
MACH_0088,67.52390065940331,0.5094889675429521,118.15372684826906,1595.8174619172314,55.35200714574884,1944.456467943017,214.5943144360117,11.660399693807307,48.29691494749274,5,3.679108827061348,0,89.29645917048273,31.305261049034804,0
MACH_0117,70.13406828648901,0.2367025859829484,90.09973763693739,1555.084844913332,55.05889486810783,6447.799225941698,223.75268057717653,15.093542861681692,89.52856375008226,3,1.2965308142097698,0,44.79436402077033,86.32491881342742,0
MACH_0100,82.86913500945764,3.6849295419318935,95.59992609004597,1738.2066234104373,46.29050167904357,3540.9195364411244,223.49110418067738,14.785694237928928,80.79899197746226,1,6.311146653338879,0,53.04731871977923,39.652645969020355,0
MACH_0104,122.80550007109454,0.17672606098578864,83.86531339731599,1366.8362992183147,48.22142139840825,5996.107127780313,215.65009903762547,17.368418291923383,59.52479005273414,2,5.717392009252803,0,41.577431358157405,84.31837948706696,1
MACH_0152,76.26245281511882,4.536224502936616,109.31009464327855,1517.2303565308323,41.04881672548734,3187.9676716375698,216.70186849470045,13.360268909932497,56.16393142979927,3,3.5470057188616995,1,85.03769192997056,85.82797352906618,1
MACH_0131,89.58949300348186,1.4370480506482246,96.65492493643254,1307.5591006052557,44.15891881609815,3577.72085573377,219.28996193485236,12.40160896337533,39.92202676132767,3,1.3417837081264588,0,22.970231536213436,67.65436684304701,0
MACH_0150,98.16712258061688,6.177914047906889,102.06190982029327,1361.7193542595107,55.548824385465366,1512.2419758381957,216.2057393448118,14.25188070081743,56.20465993854706,3,9.951347684997462,0,23.97090782424447,51.6777370819066,0
MACH_0053,80.16102197103034,3.19613804958236,93.9566143055336,1689.6867566007695,42.96970294445464,2398.2560750288244,223.2019859245584,12.803817413127968,79.3727048795963,3,5.337875681437653,1,37.26051035770798,40.15229136249219,0
MACH_0002,88.8934881432755,2.356616715646757,96.73296005022175,1430.5252700292801,49.22590862836192,5488.164641817527,220.74485974663605,15.07830918362625,67.96221592944464,2,7.804038175966694,0,23.034283210235117,81.57635747046993,0
MACH_0088,84.11757810502206,7.45490860407037,112.23190105426659,1379.4954305909594,32.52518713137191,3955.151690704981,214.53221427055882,11.280130276346789,40.30308197245906,3,5.0708263154620195,1,56.100683641492076,72.09708901872501,0
MACH_0158,90.48769189241823,1.2631419508788257,106.94233410485984,1180.503468662558,34.67009020593418,6991.293878206897,215.88764543575354,13.789309193245437,34.10247447374731,5,1.388532617766473,1,13.44901064955023,75.88174195454948,0
MACH_0038,59.48396465271473,7.7025139885721225,98.88477942341055,1377.9968028316623,42.49655678235974,7688.00609895125,225.938595885832,13.143256660355561,38.56459758977804,0,3.7864067057695006,1,32.01862194040553,30.606836289159173,0
MACH_0130,78.06424413001993,0.3625681220971766,107.67813919476397,1469.2079588707531,41.19945336050713,4920.6531221291625,227.67781188957707,16.13551415417214,31.883144097497855,1,3.8809912690531108,1,91.344469847559,94.92619109954772,0
MACH_0192,82.2182659264219,1.652934268757875,107.89900080037874,1296.3895560320684,35.04052650076083,6848.578899298926,222.69364488026255,13.37887058074927,26.694848721660115,3,8.545176136441142,0,40.922548019179594,34.640313121258515,0
MACH_0188,82.00585759093332,0.7864728476815109,96.08574483313265,1460.5824916526296,59.25902067144975,2831.450167431673,218.94362372424843,11.527808482803001,49.339532210943844,1,6.888069801998869,0,74.82337164935092,55.6764119598004,0
MACH_0021,92.05526127950186,1.9404676572799744,85.30920439363791,1690.5946590987335,41.38075283131893,3793.243817060696,217.80018543796712,14.596359806130904,27.93097230787874,0,3.4788691327552557,0,11.3462191706574,58.189815475619014,0
MACH_0161,81.70335217161102,0.44188434841749746,91.00838372997961,1393.90419895075,36.4581995825227,6443.721318329795,222.74849709155504,15.639772280549018,32.033879040897304,1,9.709659591931775,0,24.756450814178464,30.09488671485642,0
MACH_0058,57.82577219892897,4.60546958617424,86.59471396617482,1358.4925425945096,41.21295061888504,3537.286736071573,220.37960267129742,14.457589613478548,58.31272790376403,3,3.8938764915808424,0,80.73456212003686,64.79625165455579,0
MACH_0022,83.86974175391973,4.68363640470662,111.64434645992907,1331.414779970236,40.20341362089308,5337.693922915,211.9496427629281,13.777354441561783,31.52194915897023,3,9.984106232458483,0,76.29929362896941,82.69662961577069,0
MACH_0089,61.753820122807,7.765895050248366,113.38115216447682,1328.73538612263,41.50242038312871,1749.817733834352,225.15933991267414,13.656875798831475,24.4715837201632,3,9.965473238532368,0,38.615591859382114,87.62880571803404,0
MACH_0049,64.50932927405277,0.4200768198058577,115.86373880159016,1580.3366170332642,27.250263877191735,5437.964703237431,226.72901633681434,15.225896064884068,42.21721950195196,2,2.7208946597206762,1,95.43969020334742,91.55778953141191,0
MACH_0059,68.72236678184352,2.4409814467565765,79.80444451022831,1507.3003105324576,50.335573572534926,7767.471994319353,223.686262664716,13.221102501520903,35.422336903537726,2,3.8146700456956015,1,91.06430158345454,64.14032078207586,0
MACH_0170,73.32871835127614,1.6072633131787641,110.71400910373721,1643.5285318913361,50.7906353635132,7830.892794428488,214.54194402685897,14.343034057178933,56.07136315960637,2,5.374397786361888,1,96.23007491122398,74.14453333707553,0
MACH_0188,51.84411895962156,1.0554490464421733,122.12191309384686,1802.9756837481382,51.762566176291884,6546.665216332903,216.8158677513833,16.500893141774746,27.165695920824653,3,6.976906040331018,0,42.791469018778535,35.56637993075491,0
MACH_0015,91.75340160302518,1.0828880160434529,111.11987713810645,1225.4413302136277,42.60345406829038,6737.205073777522,210.71140069321143,12.397353842188709,72.62395513780847,2,5.752427041034194,1,19.747358368568303,64.16267569972248,0
MACH_0190,57.66726134865773,1.330947046107549,78.48770382129331,1557.011806266266,45.299848481316126,5065.554261841236,227.98024245697778,14.912665960519456,83.43634636045971,1,9.724973222190311,1,62.6658639091341,40.83710284102147,0
MACH_0190,98.55165933058281,3.0513189513687737,117.68298308396771,1332.2070998349661,33.070184415942,5303.54600247584,218.21630718370486,11.422021174405991,72.0404621769336,2,7.515902478121223,0,68.47731582791985,55.8750182335765,1
MACH_0175,58.12572393250714,2.2800375784839098,100.41689037131941,1618.3348947050176,46.66319462877912,1289.4901745536101,231.66644660824892,15.455859340019906,57.2978926180976,3,2.9084036444467696,0,12.544178445052001,53.05137190052195,0
MACH_0190,94.22880570471303,1.5389913052479738,97.67600893499528,1459.2131998389846,42.01430165515151,4050.34677694958,229.7761501545389,13.042381578401878,80.24674752522196,1,1.945877951922745,1,78.6483034295906,59.64784040690557,0
MACH_0051,74.573678136014,0.19742785809397384,104.51095296582979,1504.098414129626,36.31674707488606,4111.908926588638,215.48286791815528,17.03918362606159,68.64428658470553,3,7.195611616384211,1,1.8060219759960527,70.01456325818927,0
MACH_0108,49.25363331084043,0.202388950751326,89.50993077429514,1307.523385810529,46.917957533126724,8630.630737442887,216.45866130298492,12.046105380709303,20.73857857151329,1,2.426071961626867,0,48.272838747678335,93.20136529440971,0
MACH_0055,59.35557909595723,0.005855328187905533,100.0278237092158,1436.0359462330248,47.2275922887288,3936.673077347276,222.3309517117356,15.884158073602016,47.586310694215214,1,8.089091563021787,0,33.10162594948949,57.61392419432538,0
MACH_0064,94.89707502478572,8.58167276993957,116.20429645104073,1513.449337666239,40.484870685399464,4989.149539634543,211.22728948066865,17.442262157052987,79.566632958476,0,3.7993300053430326,0,74.03030598990841,98.67918369980855,0
MACH_0131,81.72973011078008,0.013169170985219577,106.22396870523288,1703.4117220210062,43.50706064102722,4845.9374535840125,217.8087044131072,12.938621197159062,44.21012005826885,1,3.942039367500459,0,31.276072742181594,83.13196336358419,0
MACH_0051,73.8190247449829,0.27200983247784116,100.58401472102668,1380.8159208887168,31.746263904531517,5767.179281694512,217.30920499396635,13.276230142010121,22.465062146786646,1,1.0971855315056076,1,82.68071127810327,65.80367327518682,0
MACH_0135,41.74858418275636,0.944369114830361,100.89608159927609,1417.396264270453,49.945467497714866,6759.272198853873,229.25582970973355,13.111608711246806,72.23257469865906,0,7.309101403855366,1,59.49534887808105,75.08185059783608,0
MACH_0021,95.84349507922445,4.118242156636752,88.18606016701199,1641.6434463273422,32.809494495720784,2102.872697920762,220.8050894275223,14.028274623191392,76.1426789198008,0,2.0194277775821723,0,79.38933617620721,37.15569197923611,1
MACH_0073,103.05635846723276,8.181930323802204,98.50012108600275,1371.0989574451035,34.35659481536659,4805.647329976077,218.57616511231402,16.03484359837893,31.2415586530316,1,7.955925197171663,0,98.93406378396237,89.11650719195583,1
MACH_0167,100.32025548553372,3.9017807900615664,83.65704664370233,1671.357771596119,40.49852516344429,7450.667595112671,216.8425763365735,13.864990132225753,57.61383477902268,1,5.426810397254862,0,67.91583457435569,70.76502185447761,0
MACH_0018,65.77132176345765,2.9324795447477747,110.2244095239381,1498.6370137910617,48.916130273747676,4221.720953153852,224.47024798662397,12.758083549587287,33.4368807297008,2,8.058518334591122,0,98.49503163616441,99.02472361467213,0
MACH_0132,80.7419920072618,1.8417064420139924,78.14289517524657,1545.4684442387766,48.91158906572529,2578.2721627247997,217.51644588034796,10.96249258683342,70.34640933309026,0,6.255338852779672,0,2.8836326921705346,74.55001206269944,0
MACH_0089,82.38211550904992,0.22674142981876727,108.5490037962071,1555.1283453764056,39.96140302475896,5926.910770671062,219.7485851281875,18.20389501302479,39.00853186242399,2,1.741899448170917,0,33.81399884838084,88.38781082864276,0
MACH_0060,52.088210612483834,7.935401128718907,109.79410900834061,1407.5669169890089,46.18410689803049,7431.529822612194,216.80438238764017,18.360991260829294,42.13505857943311,0,7.890871030346648,0,10.785326456230916,85.98339199566678,0
MACH_0014,77.70738758249321,3.5511010354574295,113.18764615727194,1558.4830229208592,26.48753240536883,661.9486070537827,212.41231433992303,16.120474078976912,79.14795975480709,2,1.6281953640527478,0,26.230493138443954,54.18228060277882,0
MACH_0009,91.06562286176263,2.546842809117539,100.86859163161803,1384.1445323528549,34.245440078963576,7013.435302324321,215.01982436148668,13.37923261115003,53.342564654483304,4,5.30831548512399,0,83.88878991257744,48.172743766324814,0
MACH_0090,86.46717352988567,3.557767733074009,109.16628466157529,1424.684549385168,34.40839648429119,7412.666603359764,217.49014146317654,16.495404230263293,66.88281158527735,0,2.5511429273046695,0,3.232326532609031,60.134550840205705,1
MACH_0053,58.33254280883854,3.21932216196906,98.40253359634784,1583.8036449049914,50.01770327807854,4207.554055538601,218.68372584868186,16.897413834986132,48.16611355057273,1,7.771016601800965,0,52.01829357323937,62.7068941086186,0
MACH_0130,62.060773176516776,2.534976522883705,88.13302882312067,1544.0090933462855,45.23723330326406,8851.420345684359,218.90288037038246,14.491503737174533,40.860480003562884,3,9.204321050255139,0,56.7128707532373,46.80592913556507,0
MACH_0084,86.85890984136219,9.853217650953328,115.30732392537995,1488.7552573741427,41.47722220723681,7101.704232295051,219.5554014974062,15.082737087997781,63.7834642297263,3,5.987135470224469,0,56.11511466719561,92.62185113456803,1
MACH_0092,84.49278656074067,5.842004993798757,99.03114170384926,1311.1902526105484,42.25388051063499,6985.596827571425,217.55656184924496,17.463536458978986,30.84003018551749,0,5.744325648692625,1,47.52970738232557,67.97835036104522,0
MACH_0111,41.18761980723577,2.6008460866538607,85.90488682526805,1348.6262565975555,52.546714208241,6755.763312267439,226.74563174084204,11.719077285887183,46.10998848968041,1,7.875668766930561,1,79.06029647697554,98.49110745074987,0
MACH_0188,38.151102813399085,2.953696039191068,95.33185054210217,1541.5063565857477,38.63856266794759,1440.4121186426387,224.73992059928491,16.99684564624435,34.63259261701456,3,1.045709316781545,1,13.354308950555115,86.70124446323842,0
MACH_0199,73.8520190797268,0.13243625827619482,95.72675317431829,1609.8210845227675,29.487461531727682,2033.3548894317962,219.32445366404582,14.381692377286974,68.70564768585218,1,9.259827783716446,1,31.057701555078733,68.89934022743623,0
MACH_0172,66.15520714969252,2.771031370922838,104.61696918124213,1333.5531743218864,48.69756147516244,4229.512170033383,221.271291398705,12.7748433959779,86.09461868422753,4,2.7770393538201854,0,61.57260534451727,96.29281947010514,0
MACH_0008,70.52548165254439,0.112926082259933,123.47047483372731,1374.0262128821748,41.454712297640484,2449.6387146392462,218.13955879273522,12.939387053411323,89.68576776111064,0,9.857069954436135,0,69.09513662679558,65.3412370566715,0
MACH_0175,68.83064114010278,2.218430803649785,105.22418613282565,1520.1277761266579,47.62937342532625,3795.64465377296,205.78257353974112,13.270555730961824,51.51937673091135,2,7.626285531644159,0,40.41484317770563,92.09745587630692,0
MACH_0035,89.76035316844636,18.359841720475274,102.06843851996526,1516.918179394364,39.64188154090794,8007.330578313994,220.10246506463014,12.579858559797593,37.67712727455111,0,7.968260329306039,1,87.53712633272332,55.070134683706385,0
MACH_0081,76.55352126663524,2.028737960035596,124.55776199562555,1256.4064186858438,33.290483810368855,7436.509337725496,221.5280718062561,18.54277794877803,50.998055926902694,1,6.905826823362459,1,41.54933966959143,56.504966838286585,0
MACH_0164,79.01454021244687,1.6023837899546138,109.78893539912725,1524.2344520159984,43.222573768663814,5707.354918471841,211.93669120979885,15.982405877002002,79.30885869739066,2,5.244968645066443,0,40.27761343483331,59.26914780796518,1
MACH_0050,54.8653076023501,0.9380243440310831,102.54249204134929,1410.2448284654672,40.081400565931446,7737.271508834821,222.49705534597302,17.12896550721714,34.42039749864279,0,6.144649240250489,0,3.6207261487384956,68.26379521602723,0
MACH_0104,24.538567103050333,0.32106846858121973,95.20588141181905,1746.1569944593437,41.47953826299528,7075.574262253518,218.59711661027595,16.124736583233357,86.64669561570466,4,1.417625974136131,0,55.114133619473385,68.74431891391768,0
MACH_0132,91.85312672537275,3.2828297530963124,103.16200076204561,1537.3797814103484,52.93256395293933,3917.9658933839255,221.68966860317332,15.122455216940347,43.93060381587057,2,6.615635584888128,0,70.8680838511905,64.74792451739589,0
MACH_0002,107.14807782170831,0.5348371660856498,99.33609595906863,1563.2210174813854,31.210380180922396,1889.4798532445116,218.74800676314956,15.149510646731263,89.00625616152135,2,6.634882917883421,0,11.44381635168481,51.42006815082172,0
MACH_0134,69.8611669765403,0.3062158820892396,100.91434127558996,1567.1038953285915,42.28734928380786,4676.389256083119,226.25477237113424,14.204974722180275,78.70262212737735,0,9.020807176616286,0,30.543276608787085,94.90445253535817,0
MACH_0054,78.73971812432933,1.3694271782220633,113.14402424769473,1317.9108929021154,33.44802647873058,6652.4370545040965,221.13114410292044,14.36843524711966,76.59993739031732,2,5.550907216871975,0,78.12569537828522,71.2010268144478,0
MACH_0106,79.86777474561832,3.966035484781388,94.59677816862512,1791.5815339662904,19.275632215039536,3984.1344286933777,225.01208229336004,12.183793252374217,42.25332716412985,2,1.694299366774549,0,36.591943541357544,58.541745133411645,0
MACH_0004,100.12939874502331,3.416862239374261,105.13540708163514,1256.563312882324,39.60827848782221,6034.269997076685,225.42363071087473,17.163652302080525,20.614404836355064,0,3.755763284338731,0,24.16024620400399,75.58238725205328,0
MACH_0054,88.3347644141573,0.1411153547435185,109.48939989837594,1619.3554712549612,40.248183495998454,939.5140939902883,214.40222136955794,11.373533427993909,46.74930361781915,0,6.900664709028857,0,67.22006635651123,83.75767304668636,0
MACH_0191,82.44096349838813,1.518082903367004,93.37887483175591,1592.7995906220974,44.98817682360607,6757.242153705491,216.30491564989427,12.882778818941603,41.126655876388554,1,3.1533297647631753,1,19.675877767165563,97.25096617597701,0
MACH_0146,75.8335823541595,1.847635287458297,91.77378584510899,1428.449643013056,38.25967401132845,7333.151217048252,222.25805341363127,19.024068261921222,22.61778932861581,3,3.5247503966986082,0,89.56529195831769,64.96844135873079,0
MACH_0044,75.90349382233639,2.585903159346845,98.49658077419096,1599.9675475070085,28.087997159008225,6390.856916446816,218.17231358120915,15.272345766129654,55.37556795541508,1,8.38422114724768,1,10.559839602614096,37.846895724553114,0
MACH_0162,53.408076050494046,2.625750957423848,95.38370409743538,1452.3640201764392,33.4205473819611,8708.645928984653,218.80696615371852,15.355420890060397,48.21219178979156,4,6.258877585864381,1,70.6549802282827,60.8536061005579,0
MACH_0190,69.24768710707858,1.1341340530029136,111.52332608741504,1398.6807832716333,50.53567069349363,7457.2033113996995,226.43282411085306,16.27467709553546,64.41895274190674,0,5.5767468859621525,0,49.954870128637516,63.527939301743,0
MACH_0014,88.29302949194063,2.0563020373665517,89.98231721435346,1570.433875402939,33.30697656567495,8137.534178101191,218.44816810903964,11.91932501375721,63.483042553585825,2,3.866067701252239,0,86.99295623969935,92.78958547299717,0
MACH_0095,71.49445231028993,1.6399265990482905,100.6847136852867,1349.0158513368146,52.66580423754005,8408.782642773067,215.1553532587571,12.212413267059954,28.452264512767606,3,7.5783523233973,0,12.61950910262366,57.63605379240671,0
MACH_0048,75.66525836248601,5.40702214904775,125.46048333404475,1466.3617261863646,48.39987434057107,7231.9971276768965,215.83099999182204,14.110211306902308,88.38758822886358,3,3.5894659104102637,0,67.78949184960878,96.73269854209968,0
MACH_0015,57.35808783016393,1.8889671385955331,104.13056533786182,1410.8734876905064,37.45775516531144,6100.903693857842,230.91178250596352,13.19327808490462,33.085200060901286,2,7.633571658797577,1,57.20546391813814,63.95923354000344,0
MACH_0190,81.68260351922076,1.4541583547885297,105.79290144304885,1449.6030735640584,34.16736669517841,150.89537411102467,219.10890259807383,14.850088069981199,51.16918173352932,0,1.630913322406978,0,48.009014224004645,98.16463506852502,1
MACH_0040,53.073650159464165,1.2958236417541409,111.60682495697125,1564.9092898695276,48.38330375304463,4245.84920368581,213.17876122391044,15.971098590604273,54.16822804036144,2,8.780872074238752,1,49.14072634326684,30.573882479167352,1
MACH_0082,79.34824217305689,2.1240800527502657,95.3705093457464,1410.845044148069,38.07271003925104,5183.344457739013,211.15270702341704,17.778326095741193,76.9143958049884,1,5.496098170383395,0,72.19769617985308,92.91707623644427,0
MACH_0111,72.19162565476779,4.073807936530834,89.18580371254596,1471.1514130391454,27.634798882400332,2805.8694247871967,216.87681678662943,16.622176679579184,26.946071726625274,3,4.94657215029073,0,93.77416549348222,95.17843163603455,0
MACH_0053,48.85072129182362,1.932649481303339,101.76511276162745,1424.5282122147628,44.49853296498607,2931.1295774409014,219.01738940286307,13.011446576622092,50.00509954459722,3,6.499210703877321,0,9.125165911904809,97.27146550356493,0
MACH_0024,91.04216928061304,2.7092242786799456,102.65403828348538,1716.5994998361818,43.33810758286549,8654.31879982047,224.74586853213836,14.250071844104415,63.995151916534276,4,6.617728656066434,0,1.950264761052023,30.91535739222304,0
MACH_0154,72.54202104805547,3.34715104676153,83.81789205286839,1551.3918597320835,49.101649621718224,8036.226700304438,224.26172583230883,13.706109657500772,35.06089351368389,2,2.18831659200996,0,80.57047924812035,42.01905855852163,1
MACH_0188,102.91167081178749,1.835798663346737,103.75071914682778,1533.010444945008,42.79675999488238,7657.693148965168,219.96826789463583,12.966878241975301,63.9227529136251,1,7.80610230834592,1,10.816938755075933,75.76351521652654,0
MACH_0124,97.17378172233695,1.3913758509262233,110.6985049870104,1602.5127756935135,35.60682418363426,3713.5050351843847,217.72915706920205,12.511649774644335,84.65653862847569,2,3.483354681550566,0,98.66967960804239,31.7830884214575,0
MACH_0041,61.80798239629865,5.232135280756629,90.87051926975991,1410.879813483767,50.157430716817075,221.91709863933943,221.69800926710846,18.328624775449082,89.82626918208724,1,9.144656921529226,0,61.93482489588372,34.45262973235505,0
MACH_0157,63.12420032016631,1.3510913456997602,104.35555848374813,1628.888583749976,50.93592346143075,813.9779934558553,211.25626961931806,15.0212844864653,22.2715753753473,1,8.360655970733493,0,65.08663952541407,45.475521158540936,0
MACH_0015,57.42034718324332,1.5494762469149213,108.92263660370133,1551.9266618749111,41.86564771188166,2878.5476771366725,229.9054044696461,14.551539586790504,36.491175977127426,3,4.116394373812737,0,19.88917029380174,65.87078381207189,0
MACH_0045,51.20304572360499,11.599743991765914,105.8667820853008,1265.86636458689,40.48257531626378,240.11192566152516,223.27052797928306,15.968515133188603,41.72149810541882,1,8.26965363880643,1,24.031231029667445,68.21317914867652,1
MACH_0065,68.66734237573505,0.0005938794726918766,106.81006238741557,1285.7953750348852,29.41383181515916,252.63305904526322,224.33495109864137,16.067492207483145,47.938827031147625,1,4.207514493699138,1,65.93503030992501,32.39827859554531,0
MACH_0089,96.65620814528643,0.5128689782623975,97.55199758193699,1414.1554420823902,35.13978926122819,8257.769384617459,214.62923309061694,17.237651307412843,36.958001030933715,4,1.9085291347243656,0,90.97268379341969,41.92570755470718,0
MACH_0071,46.27638945585717,1.2111242422663302,88.72495662259404,1301.8490256202244,46.08615713567483,6384.810668859581,226.41324320648297,13.512676773266469,34.244159618871876,3,9.656994148531371,1,98.23905545175666,64.97939713342586,1
MACH_0009,87.77916701347027,6.742401401195169,95.52853537616087,1464.2582308950625,35.541757597098396,2849.7083116065587,217.6999141948685,15.805444433745642,86.818768969225,3,6.873418136938961,0,19.803094663109366,71.57584346603838,1
MACH_0088,86.52509181457506,0.18150658752232146,94.13942898129375,1347.9393012876203,28.345297044853417,1280.5367406484831,215.2372093859072,13.177652047298343,84.29651219393625,1,5.104895739963325,0,13.411962270979016,40.38811875403508,0
MACH_0129,83.32039191335443,0.02382676718102477,99.19740953792454,1485.3415420393621,67.9670223168008,4653.557889266186,219.8041381469689,14.619684112522544,23.289475070218224,4,4.579960163779357,0,5.640135776079047,57.918898836287944,0
MACH_0136,85.99760047116528,0.13530595747460294,110.9327090545993,1711.7564063897184,28.292752332586492,147.58083160384365,219.68722457005813,15.113485134324108,43.71691151233937,2,3.922348008324376,1,86.82970181613278,93.30810055618667,0
MACH_0063,58.436673171793004,0.23177827866259754,86.8815987183583,1492.5934644665722,58.054011171472936,8451.882320337481,214.60731463744003,15.308967991438122,48.36039875748847,2,9.833028358862164,0,29.471484685646875,99.92295009323205,0
MACH_0139,86.42357761946394,0.09580440366490953,101.44250022817391,1454.5553317647107,37.540612443213924,3791.8545625616302,215.52531323229317,15.220642211694381,36.731017426616035,1,2.2127253861781666,0,0.18120338692516613,99.10501183817989,1
MACH_0081,66.76112727688394,1.6337650763167113,89.36598354482147,1558.2363971678017,39.32349600684954,3680.7811016122614,215.13384112335976,16.603661965089838,64.02110278917229,4,3.8332455302851147,0,22.381808605642885,91.71721572008107,0
MACH_0136,38.112099568821776,2.173262672973596,92.59953082177229,1395.5370310616095,34.62177382249921,3576.2831074778614,215.1814246607159,13.806023218048455,64.82665226509687,1,5.369478762543972,0,34.044108009941844,57.62620615649621,0
MACH_0163,75.86119421634557,0.7925608460177453,105.58740752611841,1626.5121464094,46.26269731790314,717.0221404511063,218.059510464502,15.363348545806943,79.53529598300179,4,5.301995905488803,0,99.09861694966852,78.0602004452349,0
MACH_0163,62.3383840138688,1.2699383241892936,88.10054946634301,1574.2819429686167,28.481806295119327,5781.067934147256,213.0550743191377,13.4821903209592,71.86084878696525,3,5.242298359670591,0,52.354159385708165,59.16145594489391,0
MACH_0033,95.38224949999093,0.24044956614989457,107.34244289702978,1505.8298343072845,25.277367710126626,6623.732214692345,216.5431275129303,20.84150513177176,57.98013288761689,2,2.5820543424734366,0,20.47139475951013,75.3968918776942,0
MACH_0123,70.7048022575112,1.0250780316439563,86.47835553375275,1523.147374745038,52.88137223502885,6117.516038535783,225.22567274192136,13.174271364472741,65.75107390310939,1,2.304392743985505,0,33.48183447134511,51.660272967863825,0
MACH_0005,75.68411759888393,1.8480782794345718,106.6698040343816,1806.2618865844279,33.56822080954418,1332.0758906316094,224.11654726052092,13.598694691310891,39.179214708011266,1,3.2929082769575806,0,33.030768755687845,72.43415775272324,0
MACH_0041,80.83769364216809,3.2944575475973976,84.50468730421488,1641.3468315401801,45.968704956317474,5251.677495516774,214.75060379553622,16.765296154026238,61.513933297715035,1,9.230735384218505,0,1.9725746463175486,66.66309475869949,0
MACH_0028,70.98899043174931,0.008379934087208305,93.82187320743384,1829.9289946742,31.31635138483027,5168.411909133059,224.79102458647117,14.141069712997684,54.245907832494346,5,2.017476710510591,0,13.518305417143006,31.713618606923998,0
MACH_0135,73.44238323855002,1.5745426913060063,118.96494383129561,1579.8045289938677,45.66736834315665,7828.8560126783,210.16780365431975,16.766092255402057,29.334112712145927,2,7.816825930359923,0,69.51964597032112,85.34920326222796,0
MACH_0072,87.65361034170516,0.8810061971632714,117.08546369766887,1279.2462835993967,53.4683719902276,3474.236159543258,232.14572161006078,15.306045187451769,36.97809936080795,0,7.8179355382003415,1,12.025098657073464,30.832848257160894,0
MACH_0012,59.00517782640047,4.790278322165781,95.87475347482855,1460.6739445704238,35.78302891667907,3406.2248985689644,226.50156596067796,14.19362146689242,40.41854155051102,2,8.287933635075362,0,23.073427660611877,50.52091595773112,0
MACH_0162,64.472798362086,3.1430236068653667,103.89960586029902,1244.9692688177902,24.53247114571215,5604.890822591852,217.20134043929946,13.494489301750445,84.70166969367905,6,8.9795394009042,0,35.07372984043088,30.414684581780165,0
MACH_0033,60.4933341809855,2.223565433745119,112.04068018884884,1579.2454552000377,53.51035130647924,5734.346616145666,221.91213280867555,13.422326876726254,36.12706475701226,0,3.3673255978503724,0,75.77349445022938,56.33409893066387,0
MACH_0048,96.5513200882433,0.8117838644328854,106.81296174420471,1611.8106296018102,47.40995457219913,4276.638523199535,212.99540335945434,14.215357994974516,40.24707319737677,3,3.0210352234200673,1,58.24009648679398,34.42123697148975,0
MACH_0151,64.47450034488256,6.029301313330359,97.26535753545176,1367.1126006061081,36.21143012982954,4043.2283247407477,220.30221394962908,14.651207363310405,45.854789106260256,0,5.189550998747317,1,68.89999849885683,93.94576767818688,0
MACH_0062,72.8507511192438,0.1153734130793063,92.51364685963667,1401.654543052972,38.25638357385083,4497.914268677156,219.08168483748767,13.336237513152252,66.4619917037771,1,3.385802518768325,0,56.70123254201722,59.0975506614008,0
MACH_0037,65.99092978125623,0.2898394784428726,108.68103142957929,1522.3126344352822,31.114782430002514,7763.303165579476,215.82618305303802,14.78153513962691,28.276687473049837,1,7.608789900847968,0,68.3592425221869,62.164704240508705,0
MACH_0099,70.37733070087819,1.2424306512220014,111.30703308614501,1320.2843905103673,51.36205545953568,4204.385421159799,217.6572125683707,12.811769414663985,86.77616487456433,0,6.723456190672903,0,0.28421536639724465,54.489516526359836,0
MACH_0172,63.93855800284826,0.33222201866464857,117.15701834394388,1309.0260346136201,35.72227513751484,8465.39294853142,217.16506262095285,16.511802433192702,80.58998540663352,3,8.874889192473862,0,93.08981443714295,73.92543079412363,0
MACH_0104,81.94086470461679,7.832645573055537,83.1275057654693,1685.7948072061681,28.65033169962021,4585.633496007302,214.34131640341184,16.894724798919928,60.405125110626514,2,1.744644731383644,0,11.092023087480651,84.90856816327425,0
MACH_0035,59.38724770080156,3.998586805754222,87.46875211798948,1517.2065927245953,41.70916705209977,8547.886169309933,215.70926377051669,13.591349619582937,67.18265071974697,2,9.235750000222673,0,40.62490959769048,75.37027201342846,1
MACH_0193,54.713241676350044,0.7493281045420218,111.61923602147081,1416.2835963441066,33.11989310737168,7512.203926634774,212.79077787000145,13.479653889769558,21.16623298709512,1,3.640137640030806,0,77.10383702448547,82.37449828765892,0
MACH_0101,66.6236944585086,2.2201951280058205,84.48469453249822,1246.1821667164172,31.759883393095137,3325.638771280879,224.2866538278031,15.355833614019744,43.72613427439141,2,5.4162491133428565,0,43.52307180094239,93.41815644564824,1
MACH_0175,63.026471729527,10.089790357629308,112.38549954911933,1627.8527035341708,36.55920636990444,7786.408649539882,215.33943626771867,17.53073218606313,75.69621614630094,3,4.947502923456794,0,94.68425516675158,90.448257217,0
MACH_0131,54.93232764287433,5.389704723641171,97.85067494014608,1397.3222681674547,40.69084252400297,1079.5632293899255,213.88989564214924,17.973327328506347,25.423808165467012,2,7.842804859939815,0,46.758894849876675,77.1840916927587,0
MACH_0001,70.14940801495197,2.29572210718635,94.79086180663316,1779.1026668805807,28.951121952682023,8332.919860552829,224.20752339907997,12.194514553527465,39.76196839475041,0,4.782999784886583,0,87.49394056026713,45.02465740331,0
MACH_0005,50.098238691655,5.8513396786965615,102.05428596271469,1628.8965146540168,51.08119140169859,5721.627284237736,221.84810177169666,17.01260965930305,60.97077798340179,4,9.491978310844685,0,81.0828113362271,74.63919957293501,0
MACH_0142,100.91621441151389,11.317032201447404,86.54631547764501,1378.7787218389096,45.4172776965263,584.0776618485695,224.0225052797448,14.876893324129611,37.94891193892593,2,9.122804943747179,0,98.09863027986832,65.42581670183577,1
MACH_0103,52.610979533764606,3.400132472593456,108.24014830598352,1392.6792454302793,37.077096073818154,5833.884840492223,224.58041612098327,14.915620599078931,85.37845819011635,2,8.84945036772556,0,92.65477807509754,80.2053461707294,0
MACH_0027,65.30550751048877,0.16798553621668466,116.89636997694697,1758.2776744416497,32.77325210962402,8770.80412188833,229.68727448469213,16.00942473130112,29.174104156300324,3,1.641324993834051,0,89.81238347128787,88.30521538750403,0
MACH_0137,68.94667564729633,1.2836570637585911,108.70576215814242,1487.3610829748243,39.28619637666669,721.2258260701974,219.21980116653407,14.038085059167772,75.8176050535445,1,8.688322553985454,0,73.16043405194684,81.99050480304922,1
MACH_0015,100.27027446908431,4.547709534452609,97.53491307445859,1423.0033157514945,47.195480326045775,5036.720617042768,212.71196160502245,17.19340126421661,55.556408433448574,3,8.034719008988894,0,36.699814726822076,89.25928189728997,0
MACH_0090,49.04527034363733,0.6552606320499352,84.61964292234559,1504.1582532714856,45.95667221759743,6755.3697128584145,221.35518900381064,17.847924543539612,72.52315430739692,0,1.9316165230551792,0,10.612541856490243,34.47064613387167,0
MACH_0042,77.13075137876352,4.439358796327345,85.00412543797067,1422.3131024919314,48.46803440360942,7311.301421625829,216.65497688560092,17.922568555070473,41.750072981801324,0,1.9667289289259968,0,68.864505226439,32.21340267662248,0
MACH_0124,90.55737697416937,0.32054600620686846,86.70356697760693,1536.1572715662248,36.156980072157424,3783.064441355083,215.2124735834223,11.31217042346944,56.01427216184271,2,1.9104743036578706,0,97.86540813379649,48.09503973897158,0
MACH_0179,70.35385344776093,0.12020759811601141,99.87721722887683,1488.6264567722606,16.600598566426584,1917.0823765973628,220.4996258610862,14.540685462543141,79.97847448062234,5,1.101993338840388,0,72.6604437331869,93.046625887604,0
MACH_0063,57.452744517434866,1.211638557112709,101.13400063272604,1631.3261970767262,49.98248958332998,476.8462810742161,224.32876366504794,11.129538830384485,52.681466938617305,1,5.937708746751252,0,92.87293692773355,87.65614756887817,1
MACH_0096,73.38022553470412,0.09355885988345532,108.68443510740995,1441.713884514131,38.662430855421185,5259.562798165301,215.82002579201858,13.469439876113317,45.180390333718876,3,9.76054862292439,0,80.43047129555167,77.79091084567182,0
MACH_0052,97.90651889838716,7.882150459702995,82.03971013516924,1367.277544996553,45.3293285237733,4130.908525381736,226.3719404366586,10.205002257740684,57.530877037691525,1,4.948162326098142,0,16.31146751166788,79.05310672078011,0
MACH_0096,65.76321232848433,4.374707097012607,113.11210230392399,1447.6522955064622,53.353830037122414,8543.825116832428,215.05193020498592,15.900533269278974,70.21539271254568,0,5.866817516986208,0,24.92037705912873,80.86693284807488,1
MACH_0132,96.54275202116649,4.033234430914966,106.94406318945371,1446.737415266393,59.47526906590146,639.3836786626971,218.7804838933727,15.438619271160348,51.04943418489519,4,9.7117281709296,0,34.186560176235034,95.98218903393229,1
MACH_0151,78.88000368015325,2.4841306131955303,96.73163706937865,1488.369927720901,34.801428174873436,6200.018556669451,221.93153940890434,14.134797786886468,85.72138825995911,1,3.296640058968076,1,16.826044433800412,88.25338066152904,1
MACH_0143,93.48771317604377,0.6093990968775005,88.102384582679,1595.1810432085838,41.07167925732516,322.1993768685088,218.0605039565797,13.417703778899398,40.64620768296395,3,8.726232273384365,0,58.165133267300675,73.63732709189333,0
MACH_0171,78.28024638414212,1.825878726769402,112.49140641691119,1586.986345120788,50.934691684843564,1625.7641727238304,211.11998830530732,15.62806324870734,53.28245243183843,0,5.9175142049056255,0,97.54505241349513,76.60008046799985,0
MACH_0029,67.73436462046044,2.2737475721684755,96.99906038762616,1679.9488013787852,33.245767851816034,4136.8530993132235,224.63703745894404,12.977155857257808,72.9849361539009,1,6.125288631967097,0,76.14588334361586,44.96181834427854,0
MACH_0036,99.5828997956093,1.8612669868679244,99.79981100655571,1378.2765483399714,35.34310724967658,4148.364740945527,216.88267829821987,12.841075770465347,68.23847633470308,0,4.0885647148655515,0,42.338674906746185,76.01231776093908,0
MACH_0013,78.37853029208405,0.753551261544158,103.83611970787932,1558.3080184576663,35.295691372329,6202.7348321094305,223.72449224696845,12.595167596130581,80.45487366920094,3,6.054259248702173,1,0.4504480980288661,59.727530869292096,0
MACH_0160,77.49644303704741,1.8102942572447258,90.86801094218389,1609.0979770531071,39.775277492735825,8200.896010323035,213.67927932486168,14.592318138522701,89.77664264767762,1,1.6582825853045553,0,31.32760111381787,40.70733094240206,0
MACH_0071,87.11333447408144,1.689183553848739,97.17819420974752,1398.8669390532204,38.23901055768024,5787.386214342795,214.53281708951795,13.835384860934475,49.88008301565627,1,7.88179215352701,1,52.67592876922153,86.4481973472602,0
MACH_0187,88.86228574628302,14.022846614802667,108.6531690202038,1468.8553420526432,35.2496374219494,8586.46237087843,224.3121670477768,14.231523963072659,27.78056158483183,3,3.562189853898445,0,32.42508738519706,65.71729698622019,1
MACH_0086,87.19284696357148,5.693174321158072,107.64096078496274,1237.5033188671805,32.27394067514992,7946.379194914179,221.7025404637101,16.043617480037465,22.129111656557757,2,8.988474965445594,0,11.103492302385954,98.4197529182595,1
MACH_0028,54.7391707058774,1.5561661607180686,107.73107206695238,1636.0286542688602,46.49552262716233,5302.048180224033,217.80707144657663,16.926593209718998,70.88138342978402,6,4.310656251467126,1,44.276495686189456,49.71755481321675,0
MACH_0066,65.44146701886184,2.43836003078937,88.44820248859568,1467.6752696520196,50.70264816772894,7520.748363177563,221.77515799085418,17.90096156979177,81.18095699161009,4,2.2854169943819436,0,25.325281696571622,63.64690786135537,0
MACH_0170,65.15206572796774,3.444542034137755,97.6341964927086,1620.98462650215,51.86171835337932,5818.940731880343,215.2298043222782,15.120273955936584,35.44988101610931,1,7.262934169316365,0,90.92323764615014,61.35968182682077,0
MACH_0045,63.31379656128187,0.0887186426922037,96.03606164952195,1530.907427681927,36.15141154092412,799.1646952211715,220.55129558744454,15.69517820512554,31.09136260329342,1,2.481203302421526,0,10.175452850101575,38.45456657028051,0
MACH_0062,61.91844351894662,5.632617574470893,104.25178842274701,1472.225215653769,46.82979737805822,6691.0260370096385,220.64276961695032,15.377692714261828,24.354356406798367,3,7.783124639886914,0,4.915262872471038,59.828069518154564,0
MACH_0185,64.93464133273957,4.917547746106895,103.35657989648898,1261.079580097127,41.8906072218222,944.6851272793813,218.13109197404486,11.651628602372194,77.58920452020445,2,9.71301012765505,0,0.5314169154862047,50.12874194946474,0
MACH_0134,80.03923114281241,1.5286050900149224,101.55427330742937,1287.757108392534,35.434629211093394,5387.336747070441,215.8235714720462,14.260605888057826,41.7967357924809,1,8.015975819157356,0,32.806968448565776,41.22243299568541,0
MACH_0028,82.41613930874743,1.240539530425868,124.6573395541993,1111.0280723487385,45.87374574966557,6353.497832138237,220.35124289107398,14.269803554518672,48.118782493184355,2,1.2020432358819222,0,66.03868382008886,49.750890882529745,0
MACH_0028,74.97546050033853,0.7969323062052784,97.09193919855963,1415.6079775757016,35.067159567636025,692.0957130766117,219.7250942834955,13.978374348460777,55.19251341267286,0,6.398972092474972,1,73.04137528817927,46.32761838864744,1
MACH_0108,68.6095149215337,1.6188902167204897,95.92176913931456,1841.7373054771872,36.99058717774649,2154.0724199461324,217.67088960540195,14.918121342762324,78.76172639466856,2,7.258696038727519,1,45.32616833817231,81.38514717041147,1
MACH_0044,94.13194872980431,0.11347860770172738,88.43250329663944,1306.8078915723002,28.986162379970963,8249.482867128683,214.83092764909625,14.561038893571343,65.55832550930396,4,8.429124932166566,0,68.43286504552667,32.154262478141206,0
MACH_0084,73.62650909025244,4.779628796746383,84.62152674071129,1105.285217487014,36.28623122053419,5585.198980872778,220.06238524667734,13.027346472149885,63.05452409004679,3,1.5040207804510013,0,35.99140362153634,73.2223923539255,0
MACH_0030,89.05608780472767,0.09016240234158107,87.79682622784225,1644.4003379378298,42.03088967211668,2291.945567413731,217.68338817581696,14.697948092305893,32.29704699691375,2,5.320970451570577,0,66.78062199866169,83.24629394165245,0
MACH_0190,66.46010804176834,0.9976567385432511,92.8131807455672,1854.557680394505,52.55147596541997,6247.049963217259,214.82671189781533,13.721899205829938,55.92329241968808,1,5.818337853745549,0,4.0595985302373405,63.650641952828124,0
MACH_0075,81.20569199928111,6.705571966535483,113.10073094437853,1544.6881597889703,37.172036430386505,5411.3101376590375,220.21764905379055,9.761514546166215,70.07667120250586,1,2.522123763797602,1,39.075298456700416,95.20954860055429,0
MACH_0128,95.13132756458873,3.3220706126176562,100.39163904361858,1543.3098592079941,31.69464682330453,4564.02372926974,228.04152736027692,12.205862159379073,88.12826181213443,0,3.9020482873958464,0,79.08496776331792,79.55164866655747,0
MACH_0092,35.868179854734365,0.8260945629220511,101.93330666952734,1453.5176889534373,51.978951767473,8788.064077393945,218.1658616704646,15.177828651626157,34.09844164493465,0,4.961995536305487,0,80.30060304590013,82.3546555917992,0
MACH_0190,65.17372074263884,0.7280511260382723,99.03726691797904,1230.861415423491,35.963580503326256,6182.738618926829,227.48888270621012,17.18378262830822,20.668034714705865,3,8.498887191620213,1,71.61487788756946,43.78534412086092,0
MACH_0129,83.90613263761817,0.01273774453031688,103.65300993021789,1282.3932123384786,26.01294675087308,3441.4258760444227,230.57165857365047,10.14559348464347,25.271100351892883,0,9.364668094631861,1,20.42386205698644,84.41069030873514,0
MACH_0121,93.19222610524028,2.9744704819596572,114.02072147217844,1452.4870005902224,41.06474988109427,7220.653545484125,215.2329054881116,13.259216732492686,46.30967256273855,3,6.655805460259056,0,24.720511893063325,88.24663152581805,0
MACH_0027,78.0467032191976,0.12503418277039619,80.06069163731965,1423.7316989955384,37.4018122137666,7972.791306998571,220.04522104099482,15.86290766798952,77.4381253422191,2,4.554506674193159,0,99.60887272645122,55.28864718841927,0
MACH_0190,75.74359093949107,1.9014381178435995,112.1833731558538,1482.7240608345087,58.40316514148137,1214.4629796997997,230.51865958908155,16.756390927506335,20.499945723777152,0,3.2862791601908734,0,10.33780072019599,44.935414762307985,0
MACH_0121,99.1586769483495,8.183460216959798,74.84961547464994,1624.398723589224,43.8029282747777,1884.9215028228718,219.39460019295478,14.159772876847963,51.97114150200882,4,9.839216659925354,1,18.06626989024094,56.95354754425317,0
MACH_0116,94.10990085883228,0.2898430195162524,100.28202711521928,1412.724325212447,38.82926117076131,2024.4203812372393,220.184060728827,13.634435283157861,43.04614307389762,0,9.847179982687226,0,13.00262556501326,81.7725578300096,1
MACH_0003,61.971270944284505,5.6221352909154945,121.91907354744416,1627.4575134606916,32.60402232595517,6251.785103540209,211.64997262812554,17.439421499780387,23.67371970698093,2,9.324792534115312,0,32.76549636836156,59.23473041080919,0
MACH_0103,76.74616470181135,11.911978924468675,106.80657939531544,1413.7065435145846,42.641334729543736,5467.052039974222,217.34169049840165,16.592185411997136,51.51654006708321,2,8.071022348900373,0,21.017583523392336,81.56563126573516,1
MACH_0198,80.40253503203273,0.1587264127263917,103.73058935320637,1655.7359389298636,51.65367960049436,5609.024925817434,222.77794342334468,16.71723679615203,37.83240951357032,3,3.932015893710564,0,49.76879595477721,37.949517868427634,0
MACH_0155,100.7789906102053,5.361951366063189,120.01945966802973,1512.9551350610136,42.49451346781808,8472.882367236558,232.14641321475625,14.06387199501851,44.63193840429045,5,8.353004351478676,0,47.60207068801199,86.42081973419391,0
MACH_0137,87.99105774064198,1.8145841274353036,92.96937101998856,1434.6254488617733,33.22056246305643,7005.612641985023,219.01996583264156,17.227388475367356,69.39307133490051,1,4.679137155440554,1,90.15056194513032,47.72452371496502,1
MACH_0062,73.44635850147564,5.924851463703217,104.33967422465048,1510.3941090823334,44.31044969401563,1238.6386281548703,211.68686838874322,11.109862534272576,56.5085688737677,0,3.9409578833954066,1,3.4739947444781483,47.425029140021564,0
MACH_0165,78.30111493205432,2.117605227278361,105.78117097473893,1455.969173676365,39.61114484101748,3192.813033584111,212.97375404613345,17.262460183318026,28.725320029496935,2,7.703788226196516,1,31.987957666776335,71.32666756427025,0
MACH_0051,46.7417476614916,2.712602073172559,94.77597865772974,1516.9701356519956,43.588904826545296,3975.003450964047,219.82105157030853,14.86693569311622,87.29901782965473,1,1.716885348583806,0,59.66578919970902,34.90826320228928,0
MACH_0172,89.52942726941018,1.961944340217662,95.6588982050402,1613.7159297776207,37.16154119852624,3624.0581398536838,225.88603399026124,15.25786838249563,64.51375359968168,3,1.4370645096609551,0,60.480176184396385,31.8408408679268,0
MACH_0152,84.6859918308487,4.996827740463887,94.5622056677666,1486.9176602376524,36.9736378059103,6056.846621540724,223.18676841437698,13.109494683845046,73.61078979637722,5,5.031583274630671,1,48.01262290142092,48.27200657054145,0
MACH_0059,93.18234649837653,3.309800942448998,100.87314974008564,1444.5646720719328,36.65776162054576,8037.848618983407,222.30127931755064,11.3719473037837,25.544920500585956,2,5.010749207399457,0,81.56655408146337,67.66472855143759,1
MACH_0118,72.8392605258822,1.8414956963042486,105.46691605771314,1331.4725692633756,47.537905211978895,2823.858025352813,226.545721934588,15.215408295583462,23.294086562201322,1,9.060797377574515,0,6.272217141445879,93.53314703576591,0
MACH_0160,76.92061602837691,5.065430778828811,101.23230272914662,1586.8767028937573,37.05419779807127,5011.706514148552,216.39885456240523,16.102789099182793,21.361363525765682,2,2.135377866590351,0,81.54877655801359,89.25046234151148,0
MACH_0096,67.77992476080412,0.7035394742051226,107.09461817429856,1552.2408339604087,36.32215414900618,7125.7438550309125,220.09547359978782,16.40538476963753,33.215581944141114,1,2.109555347071715,1,49.47542404357036,64.33125219446828,1
MACH_0180,57.77917640766388,0.4279812667213304,80.30852714026452,1322.7085723608718,32.46347278750107,3804.3407237236092,217.39808939898802,16.189557191649172,49.00858784029466,1,2.3270734042741106,0,13.376069507700217,32.593639558544496,0
MACH_0113,65.96615695676735,0.4370745412208733,97.81748836257164,1625.3241416881142,43.63211041373414,1596.251342753733,218.64272132273965,15.736323390106914,85.5078293381976,1,1.2676263516514235,1,88.57019135404776,67.46769142405164,0
MACH_0062,47.71049325705106,1.0161973499497965,89.76580689649354,1320.2723951096496,42.49361441704975,4327.06359084736,214.96865322837257,13.15242712761408,51.99417614860434,3,1.6455856403341755,0,64.92287795409635,79.33569199477068,0
MACH_0186,88.71908273391126,0.68178671611169,103.01722512682899,1654.383268685084,36.409854204090955,591.4804346129533,218.280119642831,16.534952145040066,40.31785737607706,2,6.9388288014613515,0,16.354568682413927,53.74151727675236,1
MACH_0052,42.376762460203544,6.651378980497537,102.86917428672324,1603.1794990780527,34.32497033953711,8487.212740620264,219.861422168773,12.928755305049343,59.33546774637643,1,4.884258962057583,0,3.364972339902661,37.77443122971583,0
MACH_0012,105.48213788938828,0.2796598591325624,98.84377885042545,1562.9498283897103,55.0093873058217,765.90872623526,218.14264250069226,17.21412847213027,27.83542046943525,0,7.872427603792122,0,14.110964833264926,49.499756724396164,1
MACH_0039,48.53809651049877,3.001535610185171,105.10279010532071,1443.4507261249446,24.9564555590013,4002.264765730146,219.19469248493098,14.832036262387653,62.665412370348825,1,9.933379467234943,0,60.87979601803936,84.01122051274697,0
MACH_0130,97.49833013512796,0.52440107711558,109.97812718264028,1586.366967399968,43.94537602561377,4815.943223687883,222.02520271718592,14.898581560269033,59.79023680313523,1,6.931312129891012,1,17.929623526004846,54.58706825983298,0
MACH_0131,61.37918934644343,5.335000567732249,99.39479477693692,1661.4557992861771,50.33122838572807,8869.20410735684,226.193478845322,16.731853236610203,75.43951233839968,0,1.4541001355811136,0,22.57630748750281,86.83870434799971,0
MACH_0113,83.41549601206592,8.130777001335787,89.48305111900298,1588.852788166226,12.9054899080936,1577.594230421461,226.555779340563,17.00293725106828,89.06813281319168,2,1.9410657827890736,0,2.513972575631418,52.36650162652331,0
MACH_0101,63.71329949509697,1.5659185981932864,84.18742429080518,1399.4624967410643,46.353120480609434,1118.440515649991,223.80710883698495,16.541277357900277,37.56114302012774,1,8.92903676333237,0,72.29306722386036,41.44885268896727,0
MACH_0113,100.10622239087074,5.281389134078545,100.36110175330128,1540.1110473533197,38.237963188031294,177.48470885663784,213.70009260780841,13.359084300888663,55.67595155626324,1,5.747463501024354,0,81.03643997594371,60.50938516595258,1
MACH_0184,75.6555400212641,0.01289613181004185,102.41866701513541,1669.8052479442554,42.04843891426607,1484.5857881367906,218.19795007215072,16.525339100877105,83.62057844233024,2,8.42353443456166,0,79.68481767721232,61.659215860239726,0
MACH_0081,91.10523018148129,4.286258920697554,90.3047611048002,1829.8647270835054,37.41409628382328,1944.7295137022418,218.628574846437,13.370420780059105,74.9632919095989,2,8.709511026024334,0,12.756815136428424,31.12757529845359,1
MACH_0187,76.14072059844578,0.6489521293490743,107.25766823163033,1469.2180538251205,48.60314756516861,5712.170380089521,216.71425084605718,16.575802803455318,54.11844121705653,3,9.349070873495673,1,90.33011273887594,38.193155089442826,1
MACH_0113,80.29439963308353,5.984047079459488,95.41043114175426,1628.6824659197146,42.90495473337086,2055.3904344834637,221.71175589514803,12.14967360787547,86.17601547303445,4,9.548462849377291,0,67.227882947408,42.944821314097226,1
MACH_0002,84.24159981029624,0.002801848184541252,83.4356713482885,1670.1720780126477,41.05375911627453,282.63525109099436,212.02835753359273,14.81263987612327,24.006568546176656,1,5.993432168529756,0,89.75286223768644,37.95111221650724,0
MACH_0130,67.06914021750444,2.03085028373503,112.5643634234519,1378.1392501515354,32.80911514433126,7456.903274972149,228.46783234764146,13.358217720988657,85.16990337988088,2,4.069181550304305,0,44.71605045306636,53.906825279495465,0
MACH_0054,55.79563307647116,3.5329905194749722,111.43987919202164,1767.3117477092221,55.05833787067351,3353.801738935304,225.97610335760857,16.739871304896052,23.53551746679646,0,9.656783869131987,0,43.69548610836978,97.52359989319126,0
MACH_0087,55.47595011387,0.7483353394262515,79.84400563336902,1340.2222973874832,40.07944815786617,3247.900510568532,222.3910113095088,17.230333548178027,58.3113320880279,2,5.926657654011027,1,78.45365186848953,65.64557768289546,0
MACH_0129,75.76263853704233,0.5364906609995392,94.37399718346308,1621.3478272549464,58.31844637968367,2792.0633595945465,219.68945335039908,15.397993027583865,82.330866360076,2,1.5782745065914994,0,9.329785547674351,73.92892167094524,1
MACH_0147,67.67039871917879,0.21961538002427974,93.98416318585724,1545.7979669320598,55.42055508142556,8780.822166603146,226.14419647536278,15.332218287875769,38.3904660492912,2,6.784988950538785,1,52.08740366348857,54.94705349661197,0
MACH_0126,42.81214860225087,0.987921659123151,116.39488659417503,1508.336333999724,25.773192261876954,1614.0272140526051,223.44702468390133,16.408354244962272,53.057394926161095,2,6.289162753555097,0,83.63842356312257,52.64414331502023,0
MACH_0130,82.69411876187243,2.051566947482885,99.00707289958343,1882.0249922172966,34.76043231357848,8094.318769183793,225.53318892109047,17.242229759898237,42.70302153958767,0,9.062135856052354,0,83.01925630695713,31.620274034050585,0
MACH_0053,56.72265538070121,0.30780399835169103,85.04121801944582,1454.8117147009798,31.704391952200467,7013.549656045003,219.7047395887008,15.074622349324324,86.6500741953446,3,6.878684702420312,1,95.6132856342369,65.02335589732157,0
MACH_0172,57.59512462096041,1.1817997353355234,108.82104782240879,1452.3981610907088,39.6143513481035,780.6716039438865,228.94656542932083,14.00064935010404,77.65519163271637,2,4.141471820153963,0,69.82725935305464,63.85263047261664,0
MACH_0160,74.37560948569613,0.02278452383490311,87.6922445423392,1699.7218211096692,41.4973121638893,8881.889003357554,225.83443937844928,16.294534972880975,69.63010579284656,2,9.696031531352384,0,20.777062943972837,41.048150832678616,1
MACH_0198,61.4982651288913,4.26872164226666,97.39659509278239,1614.2705667130174,41.839411743147444,2515.157075497194,222.54768147717965,11.282545257812657,61.13388906305761,3,8.214575373838302,0,2.028031489458082,83.50268001446926,0
MACH_0160,76.83758247509279,0.3437014312167418,92.30231122119123,1692.3148381437832,48.43302940815183,977.3880504994698,226.27986460215578,16.819303079117653,77.44142525269037,1,6.673758565432189,1,47.94157986271019,64.48720312177021,0
MACH_0068,104.60191337403836,0.8328946570076713,94.3954490172006,1517.530407351167,51.94866215447095,7480.896683719259,217.90419029083014,13.579626101116576,47.458692906648295,0,3.6363268306281062,0,51.370386562255554,53.72957791131013,0
MACH_0183,69.31413530726519,0.0464990607687794,109.37258089563939,1547.5413925518244,47.73990199390911,6389.412249731528,214.16249820326487,14.519544267455101,51.32862985742433,3,4.36186266682866,0,24.026258449893145,40.28362363160489,0
MACH_0184,59.10631280675027,1.4151446636054952,115.21330161332166,1785.1403419491862,35.512518286210025,5593.247372313317,221.60775256523738,16.83210264623662,71.1001204756603,0,7.02972931686991,0,12.46974471236032,68.65125788797087,0
MACH_0123,77.72260466440964,4.583352860912977,87.25631253620621,1374.6068880628955,33.74380907914048,1488.2296869205052,219.71454777093265,14.168980967220618,45.042833430559995,1,1.6478273661698954,0,58.6208166190509,82.69719182621668,0
MACH_0145,63.37152309498469,1.2445728274564032,106.26076425507817,1484.568443386251,40.022094687071494,4358.61543467806,219.01141328861186,16.294817757149605,24.473065943386167,5,3.310125324852371,1,76.42556740241413,49.739954687948014,0
MACH_0038,75.35627222996621,0.49459526582284596,92.67246370310004,1619.7381107138167,43.40895621123729,7046.948639296203,226.081560196747,17.27781750814883,25.203422622025002,1,7.425108400569382,0,99.31541035901606,45.31560461037058,0
MACH_0024,79.73453965021858,3.503000600019531,92.98328089975925,1470.6208769868244,38.53446923426302,2802.253049480178,220.83569606605315,15.220066180095012,28.07539609139927,1,5.320166588601588,0,75.83026172105185,66.53544748452039,0
MACH_0069,74.47204592306275,3.8874569644914416,104.90636221422714,1414.4781181075446,29.236121309982224,2874.0394737838687,221.31784536767742,15.622896311649423,80.87769263405639,5,4.621542083329871,1,79.3632414255581,40.874031175701184,0
MACH_0116,75.84838424383751,0.4771552348654909,89.72097234286305,1592.7726769179783,45.45647606861441,127.95406382828683,218.3647372062295,14.761128252112561,53.055849802934304,5,2.3631186016037304,0,61.64608782287975,76.66293706159995,0
MACH_0098,77.88135570948974,3.683490994176415,104.70602600775045,1700.370849973724,36.861481850128776,1650.766274643878,224.40561569639763,15.231195994127441,69.90176585413155,4,4.976641310299593,0,98.59226589700178,72.37405395609613,0
MACH_0198,98.95669083781216,7.357749383001032,107.30113356509735,1478.8748455791215,36.61989812462365,7891.110063584325,223.5093789065396,12.767190440099936,47.50365349234253,2,7.936227736842105,0,63.995638511457045,36.095743471400006,0
MACH_0139,71.20621043839508,0.45493680316769286,95.67467738300982,1474.7115568783877,39.56309860753526,4031.543775575593,224.36829838447147,14.41252382688385,38.10976631909442,0,3.3761156146470372,0,86.02532863997044,32.556426556696174,1
MACH_0144,76.91151610002134,3.68491171554366,113.27078102013667,1402.8467961474853,38.08080866335871,8859.687043186463,217.5136801668191,12.423588786034962,44.30345172935483,1,1.0485868796530968,0,94.57846462409557,73.42020568120094,0
MACH_0097,88.00273595013215,3.082405794446979,87.27175387938493,1455.6034734891398,37.06799155590319,3621.800875806754,226.52044230023498,13.202465550945202,75.59276417220285,5,7.016544110358845,0,92.9858500500561,50.60056417921186,0
MACH_0124,82.06555247127031,1.6041107404114578,113.45406190611672,1662.540911974528,29.758997544534484,6465.159447544147,229.19384211883187,10.994101958655675,63.765128752200674,3,9.753639439892973,0,38.14153437833565,36.051202722137894,0
MACH_0187,69.62686199263831,0.14916392799064568,80.56012570514866,1512.1594306040486,39.10202026438673,2609.0794818520894,224.21019198662353,15.527856307009774,85.63478459705314,0,6.461439072297246,0,7.866205831425866,83.16000934695406,0
MACH_0070,88.5279515552683,0.19407809211398114,126.99714140419509,1379.2514008604567,45.623630335254944,3337.9058061543083,215.95355856377856,18.383204330754825,67.57933450037838,1,2.079296730344171,0,17.187370253924684,51.98308021123509,0
MACH_0093,61.93129678327606,4.7833717220300995,95.93797761378167,1539.3543570485494,42.11715204097031,1797.4612895589623,215.988988578819,14.087788529718859,59.912714222828576,1,3.8865978311020575,0,5.922330539660747,62.17196847467565,0
MACH_0003,71.59875859052661,11.550296586156634,88.37692843612382,1657.679101647906,47.584971512805154,3188.855079644615,218.12311522203456,16.93026718114476,62.713720629008414,2,8.80877453248201,0,10.539693482914004,46.57690492176385,0
MACH_0148,63.433701892433405,2.817932659528733,97.67328091480002,1415.7171504678856,34.171639821439946,4970.413931743724,217.1781139299074,17.25138563203383,85.96600076278902,4,3.0931126683114574,1,18.465124589369765,73.91219548505752,0
MACH_0187,83.64261899206652,1.4762883424062234,89.53522057375571,1300.7092170606654,29.775532167057587,8926.77864071532,219.64453687156367,12.601725531303458,75.17406509066943,2,6.469263131478472,0,34.10943165874018,51.10418907480516,0
MACH_0164,92.84399671927123,2.607283990020812,103.86965298854543,1828.6237739809128,38.03320016817603,6011.395246338892,223.16221233183924,13.032412164618355,21.68288661565065,1,4.62404087428598,0,54.35396465750758,97.76146728593399,0
MACH_0147,78.35004238044533,2.255944044386687,113.67657331470147,1293.220597493513,35.086107051610426,1873.288994233995,221.44976220374923,16.981596176704414,57.38977872949881,1,2.870593492776841,0,71.1682059355086,79.20632840318346,0
MACH_0090,76.12898918893782,1.2096976651851652,90.06543773943322,1446.146615421632,35.91732013433801,500.15683016480506,221.01144528193146,14.815317274016296,68.18368880825955,3,8.320662042082116,1,21.092733610651194,39.5705593461426,0
MACH_0195,61.874869988128864,0.16969661841497596,105.79399239174003,1534.8192767788005,41.69399774464902,1224.5726836991444,218.79398625099927,12.418422267698816,72.40889349074085,2,7.685481488191212,1,67.25224042381393,59.168638777142675,1
MACH_0147,64.46173324319753,4.3080980372216615,84.6726463110424,1459.1358448133562,35.975355687162754,5106.741291330121,219.63077036417727,13.726280826142785,34.91994835197556,3,6.954319593633389,0,70.42590745024197,56.9794769810915,0
MACH_0148,57.101098265423616,1.162375167028994,110.32954733228613,1488.7633733017472,29.999452086348846,6909.92692646922,223.982877537645,15.83932048962413,80.70241481159465,2,3.127029312418761,0,55.86223368661894,67.39729775042682,0
MACH_0096,42.349779160917265,4.270186643976864,104.16236366927595,1586.525725181189,35.52804217694401,8469.730944976647,209.94020986250092,13.412126651790333,86.90902030226147,1,1.8807130244480503,0,90.36178697987106,88.93514721354774,1
MACH_0199,69.13448998154263,0.7275816976363537,110.7618332133032,1141.241751343081,42.72047493488641,240.82623077170527,219.94304795760635,9.450926269131212,36.57007140914088,0,6.185433968433696,0,11.099481392181065,70.83954106281013,0
MACH_0052,70.52842095970553,0.00257502530995375,98.77653097358895,1309.9658292714223,45.37184480805534,4752.565259900641,221.43993797463662,14.355973645584328,81.78308202620721,4,5.9831005018549,0,17.71214576024195,34.308967431999946,1
MACH_0161,107.59263443059959,0.4327255919379081,95.64843402145249,1506.6389079105493,45.29138227266677,4290.719470386273,223.91791534273648,14.518013612289607,26.788513376126676,5,2.695465084013857,1,42.86648243894848,75.87909877619985,0
MACH_0168,98.44220349312167,1.5803156133025817,108.16117436057333,1439.3674482039585,43.39578475398328,5938.889695583765,214.9497703035809,15.018452868288655,23.899478528067164,3,1.5062202488365524,0,12.671273523423887,30.57857085621009,0
MACH_0128,83.33460359450302,7.219600984361158,86.91951478441581,1519.4116887413397,38.65525227227805,5080.251804741543,214.6854515877344,17.51776674657906,29.045666007192455,0,1.7263760877458738,0,56.629614372408746,84.59723223782751,0
MACH_0039,106.26715845812346,0.2695021151466622,82.57175668266424,1534.1479923946956,43.239312791673036,6214.648440184077,222.91977497439066,15.107045595798091,24.041875562692518,1,9.934938878614604,0,39.84004666094244,76.66452506878694,0
MACH_0082,95.86355244277912,4.813966254644146,99.95038015959962,1182.6120006793512,39.661314734414105,5956.935004267794,210.47773879871542,15.485874708851414,79.15085660090432,4,8.052255052685954,0,28.459579453591843,51.61499608468102,0
MACH_0104,44.88647967955839,1.8717770878833009,96.10403393141208,1691.046049822747,40.9047691025619,1141.4043512357212,226.6609455538039,17.111073947298838,24.133510112079037,3,9.297887283686553,1,16.998981301763727,50.470926321266106,0
MACH_0129,91.01184258352127,4.370611786126199,105.53833331781546,1425.2598175349476,32.48538609707248,7217.489431206604,221.13295995746404,15.020688031671524,39.01649339545588,2,2.75549250012727,1,33.53382383482103,85.87910975824138,0
MACH_0011,85.6718139779224,0.8858884868282899,110.91551424313997,1370.173022283599,40.35099971008572,1196.7699238752912,227.7936060642172,19.273041490580205,27.262944047509947,2,9.645116826910916,0,60.7959350832342,84.83356843472345,1
MACH_0185,70.65933079300963,4.580628243655367,105.33014079151138,1531.2532943938918,43.029329874011296,6316.92256436132,214.56463811715244,12.472583412041995,40.67954254196354,2,2.2838891632584586,0,57.57852108894116,54.66116480637319,1
MACH_0178,53.77196220723728,3.705062153300995,110.11903311826745,1516.0740341673365,42.72901850751767,3803.6937720014,217.8182026564088,13.131704573784312,26.339162732064434,4,5.5817364570982395,0,16.362400021023383,50.92634096558462,0
MACH_0151,83.93101703565634,0.653586211968693,103.21052333332165,1679.5036226481957,29.699847791525613,4673.271537731722,207.96065836536556,16.227916816541626,66.76022755201097,1,8.467261159753576,0,12.491981074063341,69.1877352217953,0
MACH_0159,43.813084155382555,0.35199468534503564,104.94595748321099,1540.7809744155024,40.77008621122706,8139.352327943824,216.0215511850236,17.508627065877278,29.332877143980262,0,4.148230190604215,0,2.667676260887253,30.585596198890094,0
MACH_0042,74.6778755643801,5.063412438587031,98.8334279016773,1673.716627203645,28.44888338028869,8019.96516561403,219.0807655963906,14.598410006262752,79.62921480872214,1,4.823456798592105,0,1.2425593793932266,35.78669265905796,0
MACH_0099,65.74364387569688,8.258134868892695,104.65045461015183,1359.2733936858442,41.38941316910821,7378.921120329763,210.18646209995782,12.978757658421188,77.20337355086487,5,2.153665992691881,1,87.98104357196851,38.83187131041157,0
MACH_0007,56.11736937671707,0.07950675265115259,101.66652828563514,1521.2791582811249,34.38930246717829,4640.320586061277,218.026865939008,18.521979170450702,20.95631798294266,4,2.1062969199907546,0,4.508885600538992,42.978827247902196,0
MACH_0144,92.83201511478309,3.2851209253427665,103.25176796529064,1332.7878439012666,53.64514354020356,6652.534310191115,210.06329911569878,13.41526221039138,82.70084488605802,1,6.5761140230079365,1,73.12211098732463,65.84126886728284,0
MACH_0090,74.3803735412884,6.006690760405576,98.3327596691316,1514.651378334042,40.95394663436712,4664.783794117404,218.71269907544288,15.678108902265958,22.026102172035692,4,7.0797913175805105,0,87.1985096244957,99.45693404027854,0
MACH_0112,77.60949493754354,4.868579877640767,108.08929200471297,1482.8568066597172,46.40931215859138,7839.494134025519,225.7355596355412,17.62830362269557,36.77520494702897,5,7.995992626739739,1,9.805784856245758,75.68293812231474,0
MACH_0060,88.61807920863642,8.346998581286488,92.89547450165048,1476.4053862198646,56.88698109619424,3684.7049157728093,219.8251012494294,14.116789553157957,22.267239644319655,0,6.010138474135782,0,43.63014238330176,34.290915611445655,0
MACH_0113,74.86814165544966,3.5687710649543747,99.81650979095893,1477.7208671457552,33.46078551129023,8735.094565292404,228.29103686305902,13.755744325486571,43.50904409275212,1,6.811833630351753,0,96.23029831742767,66.79055618435692,0
MACH_0002,81.77116797971247,1.459829691101607,113.11783900207575,1610.4584205276897,43.48539928724729,8397.672548237011,223.93146281697304,13.892624515940671,55.97065679992902,2,1.1216554452974805,0,83.41386605235851,64.76516486726531,1
MACH_0129,87.23777430733635,0.9347416555657856,90.51278177078875,1258.896051449613,30.51271192613723,6700.263313120891,226.74073924303485,16.80310251314953,75.76514083105967,1,2.4595365442346924,1,48.97040318578551,40.091747107263465,0
MACH_0048,83.5013389037824,0.9668883577967481,78.38154538247369,1365.0318205823742,42.759176065999355,2586.801369167041,216.17527379560858,17.12029541040532,43.658708532888525,4,9.864232894152142,0,76.25711127915528,94.41906581616854,0
MACH_0140,79.28970249282426,3.22221752401483,103.66457166297972,1493.9142259882237,54.125674131603226,1271.7169402599998,216.05429185803698,15.067450783524254,69.38430172711817,2,1.6839415568424863,0,83.33776244316638,60.85356733727583,1
MACH_0197,101.74669253062585,3.424448832094682,97.43045509646501,1323.2005365793125,34.976934284465685,7706.860705829457,221.72806708192684,18.766164506139468,33.12531199832863,2,7.109094000342204,0,34.80269631887193,99.61913984268178,0
MACH_0037,93.62955897014784,0.5589814538727216,110.10862240371839,1506.9171159301566,32.91236549364323,1571.1903466278554,212.1114895418357,15.063933118540255,72.54189197208885,3,2.584743697285446,0,89.2152916869961,59.4050606676515,0
MACH_0160,73.71355246150749,5.064710486806665,98.69484920103007,1492.3721218138387,39.270606131851494,7702.921022076288,222.35571874881046,17.58466642833633,36.51976241364663,1,7.450467271908777,0,47.04733196771568,72.55703918785265,0
MACH_0009,61.354605747773206,3.137499021547444,93.95660928436688,1289.4365032421126,56.36653830470628,4467.808559740008,218.38040091726535,14.13599679149812,30.048132916063754,1,7.353913626657941,1,52.78073635588299,37.333377551600805,0
MACH_0099,84.57935474756466,2.0681270498925346,99.24182604181787,1282.0252280618583,46.16831135962604,3718.3553758921275,226.64998418773328,19.66751306741113,32.9786195261838,0,3.107791538092812,0,99.9707637821831,61.79594766648084,1
MACH_0147,78.23790972283508,1.5944347371568681,110.93068586613211,1106.4317646676102,32.760682783551914,8138.397931626419,223.39756127039706,18.140262831159422,32.744419021729875,4,3.4267095929728377,0,84.33029661521613,46.71361258027813,0
MACH_0048,100.6349349478325,1.9589535993679907,105.75369627192376,1316.8994925477132,51.64048465985415,5474.273744608474,225.48353215170064,14.74405072894297,55.90040155638938,2,6.892936422418795,0,36.177000577298,88.48953589998645,1
MACH_0131,89.81239508551084,0.43363964855847087,75.66097743451965,1502.14848873159,26.759496061334506,5231.864663454488,216.22896959302477,17.869080417434006,79.13583068317023,1,4.510774349021923,0,1.0345596472699947,84.8743709407278,0
MACH_0148,86.46306582002862,0.5694521214281211,101.85767492086771,1523.4281734411315,57.0924730304218,5073.016907157139,225.24105134380864,17.767960982344036,25.572355389475394,2,2.7509317272992018,0,62.61740737938947,87.69259997377509,1
MACH_0152,75.19427306931142,0.23897789680503723,102.35762132401405,1530.2849339442676,46.851605440121276,3403.4086925738297,227.22356247182142,18.106082152585298,69.48694229453959,1,7.585116389087336,0,70.39134261281077,80.6526606430566,0
MACH_0054,61.86451887499136,0.41707947708850784,99.81750034799481,1383.312178099893,54.10845952005374,7092.223621409233,219.8064308830983,10.036027328559388,65.80425217570004,1,2.3873277190270077,0,65.08026901433797,88.28782565340359,1
MACH_0120,72.03055546948028,1.5114383795459214,93.8911010843141,1497.2544773967766,26.81761513292772,2349.9061517403798,216.30324690316755,16.43870289858167,81.07639662805536,0,8.70079297730452,0,96.78623511632131,44.05801251224446,0
MACH_0161,82.15242141486165,1.8894422447752421,111.94531874506444,1559.5866913862178,41.355534646877494,8456.165144367347,216.39106399382794,16.084597538611483,37.09032923548351,0,5.632025716466448,1,86.29710273321443,61.643064360586116,0
MACH_0152,49.05629860486282,0.045058353730742184,112.44033948134862,1309.7946675748271,38.928888587474276,8056.468324917951,226.19506496007983,15.942146561886906,51.50769010795207,2,1.9513054349137062,0,44.88316931806485,78.42928159621778,0
MACH_0116,93.62570939478516,3.983884684223526,77.96839539174138,1518.499361158581,31.94416421242687,3103.574898506594,233.42172871211656,15.436692866795795,84.80791621104622,2,7.24665100177886,0,6.285748747238095,74.61747485545945,0
MACH_0075,106.00566002627069,0.8709449809494818,92.02040522258555,1598.4721817752638,29.63181103798886,6592.227551501807,215.0917746491239,15.495622559029053,66.1995415094722,7,5.6724673561708645,0,47.605876950199686,80.14481380118609,0
MACH_0113,45.82591064443876,6.071392397721996,98.5526934871428,1426.384180526568,44.05665007007639,5201.686430601364,214.70739974978719,17.566280610596163,47.21378890031178,3,3.682518146153286,0,68.9244019962023,45.69808682058622,0
MACH_0164,53.996766734796964,8.56715455612069,109.4850820371667,1659.3351495524405,44.78185366490899,3105.078787793188,224.6070709033724,16.078946747386745,29.198866799868792,3,4.802854422014693,0,60.77098082270046,36.89042963314928,0
MACH_0166,78.4449369634971,0.5128259017971739,100.34852876391766,1429.8848484262544,50.39979237380602,8897.842667159475,216.23043235316678,15.433812887464725,38.37395055304137,5,3.685039692287489,0,53.81370677108849,94.17646046523434,1
MACH_0104,66.26128626547599,1.550193932569692,93.16406199835076,1370.9908717315388,35.97263157338536,324.6123780495514,225.09177692114136,17.27876202967124,60.68508342425683,3,3.3672325216850565,1,46.88189580152413,69.2120326897151,0
MACH_0084,78.9135965074751,0.0030814862475257105,107.09533577307374,1583.5261767829381,38.86712151875352,2348.549672529451,222.32673086763322,15.83605235682374,70.27175632923596,1,2.47247578759341,0,29.376187302738632,40.76781471551877,0
MACH_0112,73.92488945163845,2.2802940356514743,97.88663914449008,1804.9940654199686,28.940320600431264,4728.659143889238,219.8801134875102,16.02713685470676,28.709532079632545,2,4.264904198237283,0,27.734676172462926,85.54056073211531,0
MACH_0099,59.642722207664185,2.3368143446516147,98.8259914084504,1512.8030428331713,52.326286495957994,4745.381730959219,222.20635767260845,18.734074217622457,61.97180820308378,0,3.2588848568446367,0,50.02314789258019,94.04509556404977,0
MACH_0153,94.32609510267734,0.7110184522903802,99.72841566595923,1595.236170617058,40.55638470205795,5341.504367015521,221.90099184576698,14.131038574900705,58.524589518712574,2,7.150910383485254,0,16.0603146429649,41.86944629997764,0
MACH_0093,81.96774907864274,2.043448703509597,105.74308440838485,1423.6924168353235,45.780708012960844,6789.917931003982,219.10196751106912,11.968579323197515,55.976881268349565,3,7.154890670469757,0,34.068542357480155,87.21887186883774,0
MACH_0146,66.60387037907591,0.6389736265220907,96.91450398326212,1313.757567030596,46.06324316888809,5648.952691621738,211.21819484180753,15.144727021981595,68.30861823774056,5,5.516562183000746,0,32.39792747100996,95.32575429233898,0
MACH_0128,97.57537671991231,0.43834142898952294,106.86946492647222,1524.93984688511,51.672857258415824,5442.504998699529,220.89325364294518,15.429086689913929,78.62147165584233,2,8.001500747232889,0,58.71328015842009,95.68531202072121,0
MACH_0110,67.37391067659371,2.635432272929372,99.26931031592927,1548.6599957681867,33.34880426186037,576.2787199260854,227.86530183032082,16.44305805891438,42.60927782238079,1,8.572057471054434,0,6.668230036302458,93.99095231574509,0
MACH_0082,56.372392249417,0.9860364664399781,89.32983413582124,1446.3133364428256,45.58069280277743,3451.119561324755,211.95615668397738,15.214631829323922,82.23085330776716,3,6.217898116908458,0,82.96686802650952,68.2494708652072,0
MACH_0194,77.75267734631603,2.2306051999038203,99.63223694304551,1594.6584777032258,39.79993034952767,2165.2960833402885,215.17107489930527,16.510238487945117,31.244352883298546,0,6.570416464870903,0,56.237838038440216,54.93479220777085,1
MACH_0054,80.29736434833998,1.4195781333641908,89.84786596854785,1401.887998527852,56.845416530725046,2461.7939932575814,222.13413487383005,20.00923336054314,32.11167088258151,3,3.5459731880772867,0,67.08266807759354,30.50909653858065,0
MACH_0163,82.9787533832827,10.393435739844817,100.40986789775941,1364.6870601222386,33.325086568031864,5033.603521629069,220.1929593136614,16.60302863775402,38.674044453674675,3,9.053822806349679,0,70.30939037594328,34.2638558810069,1
MACH_0189,85.44526689978731,0.40506422398252306,108.29473929231466,1659.0964395729247,49.37141078211098,1875.597302873515,222.05591079792146,16.954630602102938,28.367160868295446,5,1.2178543998027684,1,29.148413684253647,60.018731070817346,0
MACH_0169,82.74187092866536,1.5618463168710597,89.26370993997885,1659.8021439812446,42.802734233827174,2716.146999050388,216.5034089608617,14.740937184555131,36.12234572780143,2,4.137422224985611,0,47.03715673848665,57.95283024740572,0
MACH_0161,82.1324046217376,2.8521556490862325,103.64273405804438,1404.8485341246483,42.38284875364817,2210.053905804327,225.81229143296153,12.229485820985396,27.44882340319912,0,7.4962037939487045,0,95.62459558696672,42.92997366989182,0
MACH_0068,66.39369299537753,1.2585704803878695,91.70962541646793,1757.8275735607233,40.43216580837992,8541.676194641934,220.23450282845104,10.40377682574051,77.52266918897732,1,1.7208055870404513,1,76.67052379968149,57.683601962215974,0
MACH_0033,64.7888358814417,9.192362570880896,102.01700559916547,1456.9339961204626,50.773326582694295,8507.525016322747,223.48492761171528,13.962638835728564,29.72782943206372,3,2.6485257468546335,0,96.95568752231853,42.22550458187577,1
MACH_0142,86.13547374388678,3.1993250771866344,108.60204242020484,1512.7174296965939,42.11081360859148,5528.47987150486,221.60138705485548,9.83925668806976,72.31082902918997,4,6.3035715507656604,0,74.62543451462884,89.41538769430883,0
MACH_0021,78.65184766049832,2.6749444260735307,78.70486925889958,1487.3021187227357,27.804677295032185,8328.249971713909,220.87747483980496,16.027098050038546,23.35397075393336,4,6.039943043172022,0,17.56001397085174,50.87364145129192,0
MACH_0048,87.30368609229383,3.537344412561514,88.85524173128654,1578.564032616852,49.75602854969796,7093.732544668521,223.13416828514065,14.23436603115029,86.39642292597406,3,7.650354665178595,0,6.453588384467624,71.8995045110817,0
MACH_0148,49.39084266558602,7.625399240154648,96.31020554890078,1540.7132240701415,48.289614657053775,5350.536156936098,220.93243976983476,12.373250267049514,69.78120612694363,1,8.313513751793547,1,57.76614367196636,65.19901433993607,0
MACH_0128,67.4882042637361,5.959993697289145,103.15040489181615,1538.6943242372486,44.69710147370278,157.27338232148185,214.04900485952243,15.261748239897251,20.475758401027825,0,2.157216206605022,1,35.78132797026095,33.63174543157945,0
MACH_0136,103.60528352865833,3.2209716825574084,98.33616670641676,1347.065755242017,30.972210962019627,6975.394946106696,225.43678412857983,13.522735612716392,73.46995501401497,2,1.1654289079771785,0,27.545791013817023,95.95636036438164,0
MACH_0135,83.2879972852116,3.4573663194451227,99.5411921801908,1246.7156524815473,32.21507711822944,6352.146240137373,224.0906364312409,15.901552507301536,55.98573445363297,3,7.206746676930155,0,80.72109964254174,66.90581847753384,1
MACH_0195,79.43325676468729,0.3943321028850635,120.42984525351257,1671.3240042379293,24.98045691811113,5575.757514213485,209.46574804321097,16.41525265964501,74.55556192345838,2,3.712526161897233,0,36.69932670819473,52.75403503742707,0
MACH_0145,85.61886550454511,0.2711700264532737,87.87542721150773,1418.1831001590385,43.68263898543851,6867.7763739739985,216.7289985756216,13.596331674023116,56.57477662234119,1,6.633855225261582,0,31.70009697343039,41.06885987431478,0
MACH_0128,108.12675788799271,2.1151894460084857,111.3548501636277,1492.6449939849783,29.203609214605045,4665.007266495415,225.21180231246404,14.525437637819348,64.87174003447483,3,2.3549012925600223,0,84.99875931690104,53.696864430878506,0
MACH_0033,104.97074313430542,0.04634604106736921,96.50021872845583,1549.019836483467,26.249992857102683,6366.341114759918,210.86535726761082,15.429791507676441,75.04321587765284,1,5.221360419993666,0,84.62873364864602,31.435812211637266,0
MACH_0176,51.3071886403111,1.6461706719333804,105.49474792498734,1744.3514405023902,50.19991295440035,8423.031571865791,224.71783440950372,12.18591557291515,48.35756382114997,3,5.539822714570932,0,35.63666377550566,55.44907087438084,0
MACH_0187,56.842482613959476,0.5904123442056457,121.289465557456,1524.2036886963763,46.14543651570278,3444.664641030168,219.29388732172876,15.429615045754032,20.189570487431645,3,6.265700347358945,0,83.24987009859662,67.20401491131534,0
MACH_0115,50.79884016673812,1.0616831515902336,106.88678023685426,1440.7803655613855,37.33462668135258,6402.284330615566,226.70141285166994,12.13796270384121,79.4962547161632,4,5.618530146975079,0,85.07784903326605,91.03063720956612,0
MACH_0119,63.79338166589606,3.738094729100314,103.7249570979,1421.4683428069714,38.92762733394244,4333.621580297533,219.99426605462267,16.13143395910574,46.66232538372638,2,5.461216932058425,0,42.39305350296662,78.11620923884584,0
MACH_0022,75.82378947978385,7.085628636642969,115.99122335149376,1494.3964738137092,20.741246344128463,6102.156901144435,216.38966003502185,14.1296726747436,54.72299082116081,1,3.9946073858546995,1,6.6473130209171565,37.8107619193269,0
MACH_0158,78.63022716101695,0.18793053989093686,111.24798644593191,1363.5952845539082,47.33395935247376,6889.75068643384,221.5404283037957,12.126914531911531,20.54366495077781,3,1.640622126862776,0,0.15846444663401016,40.342242710657274,0
MACH_0038,52.04281885219121,1.910223838225915,92.00605923838565,1504.3313584723514,34.45814828409053,504.5272538785841,219.84807255245008,13.840052801718352,54.44644072450686,1,1.8056817711715807,1,52.3292462888995,59.96863574728623,0
MACH_0109,46.98972260446336,5.35400492928197,102.94524742453855,1492.1970467312979,42.642326905065126,5854.743951143091,215.9457443292966,13.924650837613115,89.05411811002107,5,4.9040044696643825,0,34.40754933703557,43.69954261471515,0
MACH_0051,63.52812919566824,0.2152800023477378,82.82504265859241,1746.2290422966228,20.091501905668128,2117.9965412218066,231.09171741505693,17.13704176677389,39.47873625731387,2,4.2021381503889375,0,99.7131894158366,31.949484430792904,1
MACH_0182,88.74256898406931,4.350490696444326,94.59846611625748,1487.459829211362,47.82054425729237,6063.289586487344,215.14450909207844,15.346609398571589,47.67927891696647,3,5.64521324207048,0,77.24109996272843,86.35104160826492,0
MACH_0008,91.35544367540469,1.1071440023081365,103.1405296759986,1211.3267758426725,33.977241844914204,4268.13865481094,208.78522312470102,13.087445084869735,68.10329975280737,0,3.7435435233064025,0,76.12754563504124,31.366579948859588,1
MACH_0027,100.58737289006528,0.9718691989682805,93.97894647218742,1901.0266455594717,28.991661889685165,6984.619402597496,227.90849484060746,18.298132574400974,77.0355567266561,1,7.191190823097919,0,95.52427682873437,88.14827236386098,0
MACH_0027,74.51504623612328,9.481867857568014,102.73366745971924,1643.5250596734145,37.283186924093066,1198.2672553298082,217.08218263842036,16.252980803021117,49.21741368042702,4,8.775593398085595,0,88.77243978933208,40.08727741230762,0
MACH_0021,87.42230235585158,0.5605449766133637,99.8661538434696,1812.3523116143379,35.22883825651612,5674.268929740137,218.51613369517153,14.327355262840676,41.67682092809048,1,3.6897686990818093,0,31.81874794563887,98.22748875649813,0
MACH_0030,90.1484244157449,2.953848650209823,105.36416732395043,1326.4020019523273,48.59414090327893,2578.3894874552157,218.21046967685484,11.892331628609956,85.6478059989547,5,2.7368560714512573,0,16.598722160387634,72.27117382783331,0
MACH_0097,67.54711450991068,4.307086692284225,95.75800977971889,1466.7259828115562,36.63683902110698,7691.539758442264,217.15174282920836,14.150812841039613,67.40014766701685,0,2.045625168286802,0,74.58922650654823,81.44880801409269,1
MACH_0028,80.817673222957,0.10513890658805486,90.59851085563287,1601.1601862241478,50.90093621290694,8362.613200163136,216.16903764368277,14.558973830684659,28.331491314519873,2,6.546286365137312,0,37.8273893682873,37.73385395776454,0
MACH_0111,84.8805768856463,2.774578407124217,114.7812682617326,1580.458705842669,42.64114092631259,8967.944813743594,215.01591348751518,15.738064662900511,24.824951469425404,4,4.994703920265124,0,47.31726516309565,90.3472851416036,0
MACH_0192,61.36263574372314,7.568056028359211,95.04303257310056,1546.0406561039329,47.154943097699,7184.465881602821,220.32379880852284,16.214513019319313,53.848489555325834,2,2.6921414547666007,1,63.03977312748269,88.74346400100768,1
MACH_0197,99.63144256661165,0.3316008078709247,106.60010593117119,1170.0583922249168,39.98266837417691,6808.2332268092405,217.99006221162182,16.613164190821472,35.40630462330907,2,6.878230599626699,0,90.78726769352407,75.70949120792024,1
MACH_0061,74.4178157591996,5.663736393730233,114.35247026472535,1243.1340813653528,50.17647185871907,2017.9567539212044,223.65181095166975,11.777065138322905,37.778932736337744,2,2.3363486470475596,0,41.908775367096595,65.15924052167712,0
MACH_0048,76.30552842220008,2.258292128133162,101.62669998997532,1727.6280163595807,30.771008077738593,3090.4628250119677,222.41347025808076,15.417009642326484,81.43845251794937,1,5.9887063526315725,0,78.33168902193613,80.50424211921708,0
MACH_0147,60.78987930086814,2.3967209976208763,91.43693430556851,1754.2994299304535,40.90899565995461,4244.574621684288,215.36243903237298,14.680768349503577,26.269621702141748,2,5.7443354346273825,0,26.833979127465746,30.41497507358147,0
MACH_0004,63.308607061837,2.3729658634056574,98.21390025452655,1484.0023062845407,36.828513364548684,6983.091325262022,220.54260638036178,20.355954552339757,70.07548806602227,1,7.60805021067475,0,69.79717909236136,71.47085287789216,0
MACH_0035,42.052280987519865,0.8875332642659417,110.17540916606754,1708.5641211609573,51.173027836058495,8243.19619919392,217.91080837939325,15.129388878192742,38.97995773664117,2,1.4959867594660008,0,0.1579421077911869,89.31842944504656,0
MACH_0192,75.82733814627917,6.841194224742137,102.06247545737862,1346.5158350785052,51.99227523727541,1783.337990204563,215.04169778683166,13.754693603077257,73.22297549828963,2,8.990856386661973,0,87.15072134906347,54.98299210223284,1
MACH_0049,112.58533814462959,7.360244568387683,87.94858207795723,1380.8360919796978,40.003370073896946,8309.070613563916,223.44715785257566,15.22073771343383,70.56879691244812,0,7.326925535321376,0,3.03795799544625,37.58025495380418,1
MACH_0017,59.720708278432696,2.454105026116954,105.96643833533713,1334.6579517205275,29.667911191233557,6291.059405951117,219.39337360345817,14.982863423978468,20.51743310110051,3,2.94513398513886,0,71.27537547625842,59.46140748202443,0
MACH_0172,119.6429539223246,3.82451967791156,107.69531469050999,1372.512068146703,43.41677853433334,5535.859503096844,217.9622498991476,11.021921385697969,55.63947890451194,2,2.650648137487657,0,4.625818926128389,80.89731143409549,0
MACH_0158,96.2137689391862,2.368537681439418,96.44688113882066,1608.404401428393,26.683122119729866,1878.5873144092616,215.7221638178836,15.816608926835674,29.752363766463247,0,4.884941927294051,1,26.624569939400345,37.51108472594708,0
MACH_0046,67.89616828534336,1.6560524925253923,106.10244375604746,1370.6471440404835,53.00914239026489,594.1727920014399,214.8603161946333,14.378883818642837,80.63589214050737,3,8.358087965901372,0,49.72024035565531,44.4233992149023,0
MACH_0117,75.40897057228318,2.7030617196177293,102.45018595460468,1835.9614559891797,36.21463943491169,5159.337596720665,229.94384011957274,14.946617569678963,81.01101180036846,2,8.586549938251963,0,41.99386853482382,40.328629278009,0
MACH_0006,72.97349538127594,2.0129998350507194,98.0257046135796,1569.0105909521158,39.755438692660036,5898.489581627143,221.67059324814997,13.252862932218884,49.28420652456306,4,5.684104829254448,0,19.18361146010106,85.78634289026574,0
MACH_0099,100.59245960096567,2.2750005382631047,87.06464256406336,1662.6790569742632,34.55239139354597,1975.9548992567252,214.5443548139859,12.812171539575528,51.10769329157564,0,8.747297764180637,0,33.38149117092374,34.40248357167408,0
MACH_0124,82.75523595176941,3.8292548899225225,110.77953895105757,1573.491087420011,32.78574730639343,5052.460231846562,221.43932949161407,16.75776466815129,41.2298057583169,3,1.0489933827252151,1,72.7706370060967,78.0610551480103,1
MACH_0037,92.72961072932722,1.6391652928050793,107.59210999919833,1682.140447568892,45.89833053237642,7722.791284586905,225.3100808839777,17.216913312885648,70.16244092720217,2,1.3165716837843695,1,66.92570925796483,55.6519844527234,1
MACH_0024,80.37257768042022,0.1040195759701378,105.83886294375313,1369.800000069218,38.731066583589424,7532.086914549678,220.8375880626502,15.83619721087447,45.10629541185214,2,9.206394342730684,0,7.18145837639157,82.90538700197116,0
MACH_0093,73.32041219108075,0.44781511267916974,115.44526003678094,1717.0400307299335,40.3398603113854,8353.461107218045,226.87010671066562,11.37840479888073,38.745473216584365,3,7.977987368973245,0,74.73158255728863,97.50683931488264,0
MACH_0046,79.89635047606072,1.4433361739732617,109.45193727013594,1521.1408328387156,31.968871366249285,3356.383705056236,212.28593428965016,15.966126718522647,50.25617416531558,2,5.0563545242534715,0,5.304588119702835,38.01817097105376,0
MACH_0181,68.89583649191879,3.225884221876803,106.86566006151563,1681.389916645311,46.84847378797632,2930.6411957031764,210.04338976309896,11.408126897326628,26.40412628712211,2,7.782491183301884,0,54.29263890997844,52.00695287472209,1
MACH_0095,53.21693934793653,2.249067418987489,77.86772651973169,1284.0653919935723,47.662317881094936,6769.891453229197,221.30258710926876,13.677648730343469,72.26222432509427,1,9.600755155510795,0,26.006274804219064,86.70877994031999,0
MACH_0099,87.20532863934976,2.626657522524985,111.96894951802416,1527.0874809912546,38.32857210496338,3936.9004053633444,221.38248071686942,16.731116897514482,20.881748089025088,0,7.948805714931566,1,58.76901275598188,48.63108702358235,0
MACH_0188,52.482533274853694,1.6313518803471596,100.83080514282051,1521.7858075172499,50.1433770666551,879.1831098472475,203.3024991087288,16.315196963408983,65.11395430644157,1,8.581342004364899,1,26.132839594090186,45.05844179322286,0
MACH_0116,70.96748734807237,2.3911028352606585,103.12491680257139,1407.1145302530838,39.16700676620382,2616.9300629674476,216.88211954398992,15.91393472906694,32.80051687284107,3,7.845459232510556,1,98.4957969625831,87.77645845082802,1
MACH_0191,68.40203568576874,0.9975303253735723,103.19333189693386,1546.9678244620895,46.23804397031057,3825.382341230253,214.9566884280827,17.625805307839567,36.26828323500892,1,2.5138998319018744,0,30.972818372753185,99.09576548041792,0
MACH_0160,84.65030896581105,1.588057115791852,107.7383274364228,1730.9410272002272,27.01657935335922,2703.396186738643,213.0402687964842,16.120030294815855,64.4942399048028,2,8.50216698681163,0,24.1960635674496,68.9816413103576,1
MACH_0161,98.47056877400294,3.4091713226850047,111.22175028801685,1395.5771461555319,42.8274469318913,3056.6295814311625,214.94479117695096,10.961961549918236,89.5060426048035,0,2.7559793802178905,0,27.8465290915346,49.46341238333375,0
MACH_0067,93.07455970951122,5.136048633516638,106.34241143059222,1644.2781534307408,37.82814825914452,2714.6055649520777,222.9789390079968,14.26093830748728,74.44022423507855,0,9.033501952397323,0,89.64728572592954,57.89961731200378,1
MACH_0128,85.08637528342639,1.4213810887676304,104.75285589319891,1330.8865415780238,41.24417940763997,469.34258792940705,214.91297489355145,14.916783084537878,35.80877425563744,1,5.127849082729683,0,63.62188286693448,41.90912291685263,0
MACH_0018,65.55192531568827,0.11160878502915535,102.31512739295572,1816.416689196369,40.88545924524661,5770.142837337538,215.0843893270908,14.682516546461256,32.321732852879364,1,7.092790770799256,0,73.06840974207765,83.33210952235268,0
MACH_0025,72.24796269605305,0.4408662401292068,66.48389483095322,1617.6900477655063,41.005598577415874,5415.902541145877,211.9059734557116,13.76572964979522,80.63630091873694,4,5.4751676309257915,0,91.80105100943504,84.14318124759376,0
MACH_0054,70.06089439416273,0.05270451793846968,97.12408980549812,1758.7675998387858,44.92560583490042,5915.113136460257,226.34454821257913,12.93968773307281,51.0928763545053,2,1.8459183647494184,1,91.18724848450074,91.25846946677461,0
MACH_0058,67.94577829905835,2.647971917396969,90.58410482649354,1600.809077864065,35.47861094715217,1811.5580746992846,222.17316182735317,19.801489938918635,29.593696197970882,3,3.616500768585986,1,73.89458465787276,31.86217945175947,0
MACH_0067,68.96323337059744,1.0098455310988728,112.10739538939086,1558.5919766594043,44.552634076285145,2731.325420351119,207.53821898548549,14.222510349588436,80.35479963253567,0,9.853586685973054,1,19.78244288413229,69.33869391384656,0
MACH_0104,68.56292947398615,1.9548292436892731,106.19037198286294,1618.9399410728877,49.86019906494325,5614.581749809809,215.08879960388407,19.703204106748906,77.1264647039983,1,9.646432765028356,1,84.33733206750055,44.99788040402291,0
MACH_0174,67.89860710949256,1.6994761835329328,95.41863012786266,1479.5328804968742,28.718871960157415,5436.6853592933,222.64258942197463,12.717419190487892,88.87344547280145,2,3.8843820788999253,0,20.37760341910637,53.861811084464996,0
MACH_0024,89.27824527042831,0.2126055368909181,96.42282817730755,1257.3249141662518,33.7556792141654,4606.339753252983,226.40696274491418,16.314120137518014,83.68205806988787,2,9.966671238207033,0,74.28988140984319,84.94689307005552,1
MACH_0114,59.18044666700862,1.290690130687766,96.06018636697578,1567.1099019700189,34.09171659599051,3218.677925090757,224.2041937968333,15.459282832779738,79.62532370623791,6,8.609960759472097,0,68.56030665448743,43.44235566530473,0
MACH_0032,64.05788846544255,0.6229525227759372,95.88173845681081,1386.6744998100369,31.263633604392325,8225.085942494741,218.22158544871058,13.156100945869879,23.68020784677022,3,6.4986354948902925,0,75.88888501404466,74.68392254067628,0
MACH_0175,51.24889918440732,1.3549299734979003,85.55442556475202,1334.7507126930896,36.20241784290353,3123.9551564597095,210.3431156960348,14.064885780358633,27.309075864868262,2,1.3611215823490854,1,53.26856807138157,75.81963338565187,0
MACH_0086,96.23224203766273,0.5690660871661065,83.38720506722233,1595.4439752657916,48.26494812319872,4155.01049229154,224.35124496955655,14.96973986127806,59.8288236012886,2,9.113021465845415,1,63.872618224921965,96.78657404316105,0
MACH_0151,63.05245562013619,4.5885325200489575,100.29046772381744,1458.1337287650458,51.58069539609943,6135.213095492458,218.5155157433975,13.311766765667748,57.20354723972746,2,6.016863513378878,0,95.33200804342553,84.26126499702559,0
MACH_0194,84.9116284758321,0.4784864912809784,110.75314139359355,1654.1556609908534,40.849399757972016,4932.8907347142,220.34431007307535,14.487718811929147,52.05742501426748,2,8.816285360824926,0,10.10885941742149,86.25446030075854,0
MACH_0127,82.1297829031846,8.0964562992099,94.62310302572138,1381.6588846861396,37.406111913214396,3187.2851896430316,219.1128978089575,10.27019514921877,47.775252779020896,4,8.50986207915168,0,30.884727478162,67.21205243125254,0
MACH_0155,94.78257931636156,1.3442392228031692,103.03444750924045,1429.375653522926,46.42339175264528,3977.2386350629376,213.22235250211867,16.423031980537477,50.18473394050302,1,8.497055936809776,0,61.13570130983824,43.07465650136595,0
MACH_0130,71.84974952437359,4.680991879375025,107.34260917176725,1672.544403945209,21.08825204598256,7170.879278896205,221.82125106111494,17.454303348245585,59.850855389435665,2,7.283564746434146,1,96.40541301314893,59.78943560028461,0
MACH_0017,60.786903190711314,2.4772987600531877,90.06621794416144,1541.9763991496413,31.558572223174735,2575.3494838308507,221.13229515556722,15.908727414997319,20.145356232005685,2,3.6227362480844376,0,9.557444766260115,68.46427014582743,0
MACH_0104,51.66375036192557,3.323370523024665,99.80024571280097,1278.400793864079,21.426956746400677,1366.0716340136573,217.871055785426,19.52851625587556,38.249614189299656,0,4.025442319700678,0,2.2549221530086427,77.48934761995986,0
MACH_0161,33.230465328268494,3.6495711933125747,93.33479518726485,1538.6641324290167,31.474402261156463,2887.1524962850162,222.35552899931244,16.364192455199785,56.27958044820978,2,3.776222913244177,0,5.574959847032801,72.5396378282349,0
MACH_0137,77.42029838818354,1.7572104889761184,116.06119491831294,1722.1857822883205,33.863859784784,7660.854517842322,213.13000226288347,17.28561927755512,70.55512690715523,3,1.1804139957930824,0,5.240568646119881,57.57844802420705,0
MACH_0043,86.63208858733371,1.959324261897974,115.62459506862115,1428.2133833067799,51.82145502350143,892.0084622214853,218.65498612058445,17.476725665020222,32.19096846767774,5,6.243120182933301,0,90.78158577774043,48.5719174897089,1
MACH_0176,82.07532157796761,1.8038453816665143,90.07657160125149,1589.7086544679364,17.911504270752083,8926.09505301482,220.13063736467893,9.497973286828731,58.28168216512031,1,7.289503034014295,1,72.12579079338248,41.776159024257815,0
MACH_0039,52.053535452407885,2.217184085164014,103.85884383084326,1372.5919627266142,36.66637919812533,4914.925800456196,211.3253618393247,15.847346397499127,70.01217787200471,0,8.68479394172683,0,67.71063661962783,78.56917703905864,0
MACH_0170,90.58239217667894,0.07458779885714116,110.6759930081249,1479.4825087545858,44.95653177742486,8865.127121307136,219.71451694581972,12.234130099366437,51.123936053973324,2,2.261488900444573,0,52.25728202618095,75.17790720187395,0
MACH_0026,64.52675957526971,1.2584467602808427,108.4832950037633,1663.475330467565,43.285845306152744,8457.0681565652,223.66822573340647,12.638193096858389,21.895679356903575,2,5.897648340791216,0,78.19526169721519,78.11607260304646,0
MACH_0099,61.39644758787369,2.329708632138977,100.81563034984366,1532.884750163246,51.69390506827915,4130.042056477159,218.48384537978566,12.98605345639617,51.44877109259457,0,1.0720732660640457,0,15.56479927615908,56.07692169619564,0
MACH_0050,64.19051647045225,2.2765394451696053,113.06557461764348,1693.3904794073455,41.28841182877271,1866.5705639876069,219.82942548742827,14.374568399965247,40.751142142090714,2,1.8558428293965652,1,39.19411897884374,48.36854757995215,0
MACH_0153,76.17613383759115,3.937061012132668,90.95485311010567,1563.7953606341794,42.99422544384916,1567.4745114297323,222.81172019617082,16.300919921475394,85.07547253909298,6,1.4879056978539376,0,49.000425076434354,83.18049300766478,0
MACH_0152,52.72947642724392,2.6605948284893173,96.96907055605308,1832.8109515801264,25.2919453455796,2235.905338442622,218.06099945566865,15.867979650013408,28.722936997482915,0,7.529302306139383,0,11.040949767672625,84.1553176538734,0
MACH_0013,74.44446129421323,12.112796738842487,91.22357580240426,1265.2629946171096,32.093849134585525,6420.180501024382,218.51101300227856,14.974837234364806,65.67331688550625,0,1.7295360748984283,0,41.9513709337517,61.893146177678844,0
MACH_0060,81.44172368075505,0.8346799008097507,107.82493494700621,1467.4209974908554,25.73836205241581,2529.254953110242,214.11648242733767,16.44536688241192,23.690383643415082,3,7.44807683402911,0,31.650177926262035,72.83328593371269,0
MACH_0135,91.60985844365422,1.1124036638178927,94.17363125700548,1337.3199310061923,44.5808648633128,3138.684899478255,219.92531611339618,16.566972643184204,51.231930646888756,7,3.2466223396952505,0,3.558214579346264,56.14637649622188,0
MACH_0057,77.63934985831867,1.2106505403576227,98.28750824562914,1347.5626238312625,42.78952361405797,4094.1313555520715,218.3257575819761,15.885248378466692,58.77856410540564,1,8.899416646272456,0,13.673540272923523,79.13630400838647,0
MACH_0036,54.90557252709313,1.5675223819963635,106.17670368265749,1348.922445929094,42.508303738268125,8227.770855750961,222.4954489752666,11.550990427850428,40.856845192180586,1,8.318349895274327,1,76.40368231674718,88.50051176535098,0
MACH_0173,77.23335341478335,4.519692612538735,106.98249913777816,1525.158873307683,32.948531132335404,1785.6014191751303,222.8172997709162,13.521334421286552,51.855294486426914,3,9.62047195727749,0,1.8037909504644456,78.17632941349547,0
MACH_0020,59.0961258908082,0.6722884962754295,90.92873653744749,1533.94514022328,32.21640176546668,144.73631822724772,223.9560451950644,15.052655667885297,31.448765617113118,2,8.953858139122287,0,93.42532990963612,65.88078387929956,0
MACH_0065,58.23082265449574,3.740275378482086,110.56655283772793,1564.1183887492675,41.67557545837134,634.8580523657143,217.45869824552435,16.46690576628217,41.28866946276253,1,9.399964772047126,0,8.642463244723741,62.10605716446592,0
MACH_0008,54.55944594690031,1.2992883136987212,104.55689668667252,1331.5409159783171,34.644911577830925,8152.420440953049,209.11709457187942,12.342840684552026,63.477442743714214,2,8.72868156861977,0,79.92380942034582,74.9623755683021,0
MACH_0144,46.33119480158964,2.302349955157382,89.18297160419598,1451.3662771502563,31.836763489342104,5862.896537105932,223.70819873232386,14.97730962044944,41.12600391028086,4,7.240437105533698,1,89.86165409434707,77.58676241209312,0
MACH_0142,66.49255248096907,2.502855652263701,86.72284104243387,1355.3558040365447,35.932885029935456,2530.0615120174803,222.15560482048704,11.868751087221096,82.98201548862102,2,2.5323323691289237,0,94.1135584850447,69.11106104671774,0
MACH_0115,91.93333114570362,1.1664183987282672,99.84180289737932,1640.3822334407573,34.714063711717536,1677.0132589996008,216.82354197656954,17.051835971438557,63.98848703486928,3,3.4453676696868367,0,86.74770234959726,73.74595925751765,1
MACH_0143,108.84726023141313,1.7967533371067592,108.5009398931681,1369.459867472854,33.06621620297237,2718.9739560703174,222.77470099783667,15.48469455672945,50.705431290518916,2,2.914542695172458,1,28.75500394254432,36.761207774617255,0
MACH_0092,66.39622262489858,1.3319589224828212,108.7571586240098,1467.9431772006178,30.193857465939182,1121.6926525363929,212.75705098741878,12.307727928088115,22.712985488792775,4,6.432272088923851,0,33.308713133847704,96.62358612996287,0
MACH_0098,91.29158290154483,0.17909659840069786,103.56166877224842,1584.0459661984657,43.58951814671126,8479.642901531526,225.15120106435137,12.294542924391413,54.96838346432698,3,5.532579441762413,0,42.654569861007595,85.35411446124238,0
MACH_0066,69.08126522645108,1.4369236435989186,100.48674838326826,1407.6556988253653,52.44839551581646,7079.434951850875,218.33187724102976,15.77486374316852,73.53433694875625,2,8.803719974425814,0,13.929668940710084,56.17495087947486,0
MACH_0032,50.23896420827158,0.25617117789214894,105.11737669079005,1604.081766747098,39.68796639505077,4215.281474521613,215.85536193497552,17.74959782912633,38.58903186086896,1,9.574055798491681,0,2.227245506722386,69.3968827667541,1
MACH_0191,85.51413392169115,1.2980720762125322,91.44669485610741,1739.4119603299723,41.77947309575942,7798.167185525297,216.89149221880555,12.806428325101306,76.47414987541372,1,4.643739006563299,0,86.91216142810346,33.312717109549496,0
MACH_0086,78.5222113019335,2.24685405455384,116.86987863025391,1528.4567593088289,44.29102282081363,2320.1780182097673,218.84257506999893,16.573208217232153,37.62647362356171,2,5.557154979527311,0,55.41287162104563,32.885946979934225,1
MACH_0051,102.27029411941673,2.1652711009065517,116.7393841812252,1635.241637185261,42.932526057544976,6482.373059402522,219.9399396335027,13.915524563944341,77.66224715655603,2,9.743647211237253,0,60.87229421782163,47.55588345783739,0
MACH_0153,51.979822770258664,2.71637294614838,104.28812314620697,1188.9868666595426,33.224701373464164,7719.579241222316,220.24140140199702,16.646388205385772,25.96878391281742,2,3.486150474608292,1,92.69884748177954,78.27911496552363,0
MACH_0186,116.94049062502916,0.25027334026202847,101.97300419992852,1435.6422109728223,53.75876968882068,3275.241533447126,217.8519627802094,16.366381820730627,80.63285962083206,0,8.131516978229323,0,66.51201781136157,89.65034234600083,0
MACH_0063,98.87575984782234,2.6397675393950895,95.8857902734063,1527.7351225393465,33.94151589057631,6841.433564511387,221.00119786730738,15.31059968296488,54.943051565333135,0,3.0271591210172164,0,69.08535043398135,69.14301159858938,1
MACH_0190,74.73114639657219,0.935454157235124,105.2874884579966,1342.055238239954,45.18470691728327,2726.143908452353,220.04139637166716,11.331217387438834,40.75763127341834,2,7.133141038827448,0,78.69686484367422,67.24929177076467,0
MACH_0125,70.52043312302223,1.2730919921218151,93.08682628983223,1531.1474003106136,44.24153045874329,2759.828503805374,216.762135022128,16.362371300248228,38.557927529060414,1,3.2825406487470774,1,11.634844985740378,58.161667365402614,0
MACH_0150,64.26285196697074,4.879578556761981,77.76387969004469,1658.9910834088726,24.332467662922898,1052.808889132256,216.00904687789367,16.00403854199373,50.24073912512539,4,8.953600499482482,0,36.01621532137915,41.31185691706148,0
MACH_0058,76.6459895878169,0.02267856343653554,72.85892699508913,1218.0659057984967,37.12922866469665,4016.516613933649,223.04182771447418,15.820859506389004,89.93346486725515,3,6.053301493630091,0,96.82079277033662,38.28478709286112,0
MACH_0058,72.24095766886532,2.2193349218515763,92.00501666836513,1321.6390701294229,40.453027614497366,6594.4359678270575,222.62163017998952,15.391348126461956,35.42291754063078,0,2.673402767869461,0,92.29300781006066,83.24758328546761,0
MACH_0086,82.70693120370916,2.2827020983650277,101.56378122918278,1527.7219906146279,41.06520969139429,8467.965169584437,220.28568177580632,13.242426223335784,27.225165421529972,4,3.0193225812863744,0,88.40752963101848,94.92524859076029,0
MACH_0049,70.58450008472542,1.2631850575763812,103.31971733953483,1569.062959416007,42.41136412413414,5473.7932281689555,224.62097732995102,17.165925542038224,60.95246181030633,3,5.4446427613729025,1,45.20885103389725,62.07982514703912,0
MACH_0180,96.22445537244994,0.6763343958394809,95.13242991490715,1610.7120562364476,46.06130298351981,7781.9062858480775,210.19336171916183,16.79627944163327,54.197972650817995,2,9.65441823017391,0,85.71929535868057,76.16119611009466,0
MACH_0170,76.8756904674967,0.6686336053300637,101.41835167142904,1516.6334218331651,39.93987708583378,7420.202378683021,217.17802679246648,12.84915444631067,56.69373897443151,1,7.92677947495289,0,4.83958819457656,94.01203556166588,0
MACH_0070,71.14774458111403,5.379163417576783,97.25771642945469,1569.2268607523713,42.83694054414355,1642.7531714799995,214.2184144383268,17.628590021035503,66.6854792290052,0,5.394786785432606,0,14.851742425711745,36.30795430539012,0
MACH_0015,90.36429872669085,1.4585999954232298,90.00687242349862,1635.5221062811022,39.640363305820934,4423.77511732242,231.28136132568926,15.263338869270775,38.70008489094545,4,4.039472301059954,0,41.39676984840541,83.93370171833209,0
MACH_0054,50.66214554703372,1.0045146395733187,99.46255491030875,1437.8312847344512,31.861330745961812,1140.6194661759841,223.56609910197994,15.258273906290345,83.74654967687219,1,5.943416440135984,1,48.33920666821264,73.17718190629026,0
MACH_0188,80.114825284157,1.4890421850699607,108.12957112365649,1408.7120870990368,40.259211530957394,6171.163137898551,219.6046900817086,14.647289327162634,50.497044628560324,2,7.735247500857577,0,26.350715352085686,71.90460251809029,0
MACH_0101,75.3835700461415,2.7670426507961032,90.45938252253677,1474.7240053597698,45.99271875402456,8554.107047390076,223.92495289423078,14.844013206829889,29.036033659972325,4,8.0553572960752,0,35.647667084778746,50.47782999370989,0
MACH_0008,53.83724204391326,0.3938476922963775,90.46395386980302,1529.923191341612,48.87030705980292,1320.0961769009327,225.58137831877556,17.74179837661954,71.9609129713761,3,3.9214791828725017,0,16.277610102536876,77.87253483443737,0
MACH_0053,49.372450806472386,1.4920203492356243,89.30749406047842,1401.2589835198023,44.298525260353635,6631.559864142618,225.52815845762035,17.06614996919703,65.01730468324952,1,7.490433413924895,0,48.913403171590716,85.63584283745436,0
MACH_0060,90.15517504412367,2.2161282909087627,80.63481265491885,1440.936402529018,50.674802607594394,5726.919542723963,224.60851742550176,17.02369416727883,42.1020381738826,0,6.920099020325675,0,79.38432928678613,37.900071546058804,0
MACH_0108,89.4418603552604,7.419483308423053,95.19797625852982,1559.6552655760943,43.35091797927184,5294.084829372087,218.6872983835897,15.369128705090755,63.50631068238339,1,9.632010627966645,0,66.13603936613057,67.34650016866887,0
MACH_0005,77.58837644451539,0.7276453526601803,107.1408611295253,1523.6626171544574,46.911038573350694,3572.070088726219,217.49317290258023,16.778343447068792,35.39033694582838,3,9.379812614572133,0,10.779224736554127,37.08856266911867,0
MACH_0103,100.74986664682086,1.1127927024747473,101.73916083833763,1472.1994315776362,47.499129194238286,3260.671665008932,215.18905410009657,13.331373851918856,51.13875515383707,2,8.104413930432194,0,48.758160339671605,91.08018135083512,0
MACH_0196,81.61452272791904,1.1925045082991312,98.30749115943694,1238.8396034906027,38.21319567293011,502.7177822681019,222.51223633364503,16.166885956996133,82.95887655171276,0,7.510552199694356,0,69.7646382779725,65.53457058594431,0
MACH_0006,93.74707979116823,2.3255821686060663,101.2906479824017,1499.473801198719,45.808027460541346,2039.38750344292,219.2053213233561,14.693023936062065,29.34739632125246,2,3.4663743073384827,0,52.98952965539412,86.55759824825302,1
MACH_0109,81.3048688077678,1.102984819416084,95.11018512570841,1354.4994048736435,32.474840818872686,235.0742523527594,217.90764484741402,10.880390025183356,47.06875149912234,3,8.613687304886799,0,39.167559653554896,55.765994636635,0
MACH_0116,70.86285651597012,1.9063070559122133,80.52113362736527,1647.462405780885,42.79849874039091,5274.612239679983,217.64669319136098,11.827796682356073,77.4799697304243,1,4.847551333420295,1,62.19144212838782,38.75547587714278,1
MACH_0094,59.137031228499865,3.805747221786781,107.83718781814565,1453.6918270082238,44.61620661334762,1042.093799313389,227.25096315317344,13.67404243982156,87.86436295843247,3,3.450164882554402,0,96.86386653002755,32.904951306999806,0
MACH_0047,65.94845617645856,3.0552196908159153,110.71124573784651,1350.565191566622,48.40876096559464,7869.872606864473,224.76340206420835,15.83030796869742,51.77482954952571,1,4.457446821581162,0,9.4907909766078,49.705673454066286,0
MACH_0099,71.14316593129172,1.4781406016190846,92.71843223932213,1490.7685089179927,46.56607443185045,4755.972884204771,229.15196928064083,13.675840423332062,55.48997341003432,4,8.523419410148572,0,39.00160607475607,47.0963590254855,0
MACH_0055,95.44729653160059,4.991727999074227,98.49164379393444,1690.6049377638287,48.51291346667771,6327.240190622505,222.64508149946053,13.817766525230581,60.05203732486388,4,2.337698940200965,0,40.66058530460956,69.22463818139732,0
MACH_0168,86.54879337794495,2.0419068850758255,97.6300082893984,1594.622377371693,39.204957358988615,3756.6281173804186,220.28477220127448,16.526521843749684,85.26436991435976,0,5.105428670078402,1,57.6967310468371,31.521718664459513,0
MACH_0052,79.95478602363924,1.9408102842804842,103.51288809424541,1532.98757259089,37.236854762639624,5089.160300109333,219.87298774627538,13.889975761100626,80.07447536839209,0,5.431218350765407,1,15.21746018819179,66.43993810094213,0
MACH_0144,88.05014861346112,0.08696459585260669,116.8989345662629,1301.0857411429715,37.80080993691507,8489.66667500301,214.89849226369265,17.66161448406882,31.942078723515102,3,1.3296672783893746,0,17.664302987046952,57.42402194084022,0
MACH_0013,82.91075573538724,10.798658975733463,111.59791245289306,1743.2400149649482,42.13026984358904,836.3329526506698,213.692905041243,17.33024747964027,50.57304724929525,1,2.761714265933488,0,28.536138599785467,70.39855889401096,0
MACH_0114,78.9290641666024,0.32803750391212483,96.23085774586104,1406.7559238946146,25.530023874861982,2360.0461701208956,222.53670510946438,15.043762641142637,52.480029973749836,1,8.440681857182708,1,95.58700432685195,79.16922697052553,0
MACH_0124,52.52010897739568,0.6570864029890082,105.42463861500237,1640.0675869308513,50.65405576315643,7041.896109503845,215.3266064475837,16.506922903316656,75.23672781541296,3,8.476906497352847,0,73.41085812309026,74.38643615558874,0
MACH_0106,92.08736359292516,0.13270258977585292,112.54356868572712,1451.1955682472878,40.3509868786318,978.7611412557261,221.05728876933617,16.234480908712765,62.202501782380466,2,3.631735754958232,0,66.16933016915031,98.92510585613564,0
MACH_0158,68.12232228710286,2.554148721948974,104.08345164394778,1625.626180872486,36.67998734131905,773.3838247465866,225.57733341547606,14.508669448081193,65.7954323420309,0,8.874075111381336,0,81.69576873942623,39.67857407138098,0
MACH_0147,91.32810416433816,0.6362668646128883,99.95300595559827,1696.031114381291,19.762270315156314,3317.718448910943,216.6727303348455,16.723269325944294,89.87399353659323,4,7.94604645161513,1,12.757646891669294,60.081590625084495,0
MACH_0145,92.77815437266335,0.4961591685753011,104.46000094667185,1597.22059048613,39.70549195057374,920.2948304046475,230.05240817295788,17.017804110781054,25.247203042900914,1,4.761167354158685,1,85.93328197237517,59.738151565031785,0
MACH_0120,64.9494120966698,0.23181166942158268,92.96728477436527,1613.3782439639908,38.412187879393954,5307.198135635207,215.0465243952795,13.095129538419199,35.61068764736131,3,7.735657099645341,0,59.4832713887504,59.193724259204444,0
MACH_0063,89.24574120893907,0.27260977515081486,94.42718875895919,1485.2341520766552,32.82362855483796,2113.8497322677385,224.95097378244924,15.307097276641482,48.55271561600828,2,9.652011680753256,0,33.53290074589354,76.46588744298678,0
MACH_0019,69.58518781116152,2.1967089512276896,89.35965764798902,1434.9050786890784,34.6156252389839,8071.711872474414,222.12378090566182,15.285007645152332,44.3447682134221,2,5.13072746258814,1,81.58552557456903,64.28796423827058,0
MACH_0092,69.67451508529913,2.913546374897229,103.07064516570243,1520.7448034678716,39.78690684443869,7073.150719522784,225.97047624973075,16.69923893490141,21.515189294288852,1,3.145844610581353,0,80.25645343486241,66.22027918690742,0
MACH_0058,78.86209851873987,1.2661669619076257,98.68597093977762,1449.0128241346174,35.29410832329854,6327.376334285338,214.41901194320155,14.112283299101327,26.42443245298231,1,9.476348500451403,0,84.57085817167271,60.264919450273524,0
MACH_0183,79.2670888375431,1.6343214174375063,91.7688193865192,1870.0805566218737,44.57502452942685,5590.801843722067,231.53510458476805,13.804479334447143,67.66673039825034,2,6.433698597069308,0,11.551790010698216,99.41896227129938,1
MACH_0090,75.57827273026338,2.895648866764813,98.35820588379495,1351.146257026423,34.00973129084787,7784.845000039024,219.10612458108548,15.337999320622307,81.55271243537925,1,1.9473864623238275,0,96.9361244995776,94.92929441733295,0
MACH_0117,54.98567976666065,0.04383147941683428,104.6999826076317,1650.3127824885614,41.23686743616622,2085.2523477305363,223.38323969649642,17.362718446507145,55.99589078861843,1,6.154145342710205,0,95.96261537897311,51.54069325550597,0
MACH_0062,73.17830040773491,0.9756925472275689,119.14712305997992,1577.579525180852,49.44036295048936,7870.6687006016255,227.2224374447325,12.601245769180132,57.74337556595431,0,5.505228005034688,0,35.746964550174155,37.8115747336667,0
MACH_0023,109.1771809228261,9.038863202553067,110.12067864703857,1534.4808312185908,39.70723309949959,7126.481455974065,216.9766896625239,12.950387693325744,37.85654029826656,1,8.70030004668007,1,6.589401821191965,88.7835306827022,1
MACH_0127,33.239936567969664,2.169419542433165,77.1585214251766,1721.9829149870761,42.847816991677966,6758.631354850401,224.12863181473588,13.958990184058823,73.7513454543598,3,5.776256707871692,0,16.70556694687857,99.80191759980072,0
MACH_0137,88.0461066034262,0.7333269238516247,102.39308466820346,1544.7566178901768,42.341211099204784,5095.175534866824,216.14265177389254,14.314845855836895,72.62562111570794,3,3.297091909098551,0,99.2830825444697,50.482622582775186,0
MACH_0140,90.85687400034463,1.8439498747853564,114.29324262712855,1404.7639620386376,40.063975196938124,2291.573032638341,226.9848079022892,11.46883439512497,61.185598245235965,2,7.080796574783997,0,56.30129431716631,55.04494480892364,0
MACH_0129,54.624784210707716,1.048859960477603,86.62126508789767,1543.7595565880113,39.463942864451916,3869.5764523278776,216.19909634385633,17.996390573830297,34.886500055794,0,5.883179072820221,0,35.6621798826052,95.9143227039642,0
MACH_0058,67.9584162988568,1.8995265013156613,105.51559270212424,1472.5232596642156,35.4290062284007,7162.778825395334,220.1925349124788,14.739386817301776,26.79127527659626,2,3.097401654401852,0,28.820269385003883,79.7790662602163,0
MACH_0122,59.98924263084983,0.33594798492821376,97.63357814468954,1575.4927003224973,41.208098324462554,382.82851078018757,221.5306035050598,14.439790951640058,24.49670030999881,4,6.1626507214861705,0,25.699173531094754,50.69468322457453,0
MACH_0001,102.80948065967819,0.35596809335117136,111.5029053091616,1621.9610447444247,37.733859929284264,7060.251846447449,223.92149884861308,18.245275076070833,61.48872466500144,3,8.393820201007175,1,66.4152765054482,70.67325438987405,0
MACH_0034,91.54537900166673,0.3873760547875491,104.04257195013452,1371.1368086453895,52.36872134587766,2236.6295903393416,229.84238154213273,16.435586990247625,77.752472339996,0,1.2571382595160938,0,41.93878315196859,96.09607055549793,1
MACH_0096,92.27138061697099,7.0260293756819605,91.15984545440793,1679.3004177004223,46.489146072879294,1384.351886422267,217.74015505192756,13.929156245333303,80.08313022466473,1,6.677659347806006,0,96.54106993686116,86.82691748620451,1
MACH_0126,76.80970838992192,3.300320273087793,97.99148521709381,1461.765023269731,28.377632832893234,1129.7417318046892,225.69367387136802,15.32921569061631,52.45354520404149,3,4.146266762059529,0,68.38430306453614,81.92828996100619,0
MACH_0118,94.68137924624465,0.4429825098169071,98.58304323952378,1566.5420884023267,28.82273601425538,342.5251063622545,229.8512922431707,14.916525735247042,74.89899095147018,2,3.6340430118348177,1,79.20445910489612,81.58974182089156,1
MACH_0048,74.87645149406883,0.5217123434296482,98.76821785189951,1592.5545255481045,38.95632104768508,4759.919718470931,220.8286668043246,17.896701713858555,86.28161374387165,1,4.533289753250001,0,29.274154858315992,42.461422700458925,0
MACH_0089,95.38736440815836,3.2810254445278413,111.19262944775264,1555.1083035945946,36.83755618048203,2042.5128669741923,217.24933624939854,14.665151596632814,39.26190787416476,3,4.078203978231835,0,7.918640910862584,87.72768674595555,0
MACH_0117,72.7695536383167,0.42449233033078504,91.5738007860977,1483.6337223521145,38.5344486542246,8905.942715438721,211.34983130282353,12.11588091628358,47.857224246653004,2,8.490151960375975,0,48.782283738188106,49.32830427104207,0
MACH_0129,64.81137124929842,0.6682653419083456,110.03051309661184,1426.7103627011004,45.2092916852185,5212.4871272626315,229.4163788370553,11.24555178638941,85.20352948176765,1,3.4731802969111047,1,31.458154654622728,95.12566605310707,0
MACH_0016,102.16425399497915,8.265638593693273,96.9775032407848,1459.6508239044988,42.52588719101885,1327.1788972684928,218.77777835037818,17.950322694813377,43.67616771220994,2,7.598377207959269,0,20.208316500792368,55.52479937096481,0
MACH_0189,74.68726859002295,0.7369564696420067,102.23511106329165,1734.7757898793316,42.445033843665236,6229.986613221152,214.99320750384726,13.422770604474739,83.97134032252575,1,1.8465383820572985,0,95.26421308008614,90.03622779295796,0
MACH_0192,61.51800137636304,2.709055634608336,100.72377586281034,1370.1200344306412,51.56955732396315,8089.917741936555,213.20834957895119,16.34042331126662,88.6731403578126,2,9.56256735235974,0,44.39882143420303,48.6363446162461,0
MACH_0191,61.355491537650416,9.614568637055946,99.78194661918165,1392.113499305555,28.888867566615367,6732.097508789568,214.9839290480498,15.143526861430104,66.32675100020973,0,6.600849735236967,0,17.470859204878565,66.01688556075683,0
